asset,entry_date,entry_price,exit_date,exit_price,hold_days,direction,notional,gross_pnl_pct,gross_pnl_brl,tax_brl,net_pnl_brl,cumulative_equity_brl
LETF_2x,1970-08-21T00:00:00,1.0,1971-06-18T00:00:00,1.7810197970088413,301,long,100000.0,0.7810197970088413,78101.97970088413,11715.296955132619,66386.6827457515,166386.68274575152
LETF_2x,1971-06-29T00:00:00,1.0,1971-07-26T00:00:00,1.0264625375909184,27,long,100000.0,0.026462537590918433,2646.253759091843,396.93806386377645,2249.315695228067,168635.99844097957
LETF_2x,1971-08-16T00:00:00,1.0,1971-09-24T00:00:00,1.0601403442105575,39,long,100000.0,0.06014034421055747,6014.034421055747,902.105163158362,5111.929257897385,173747.92769887697
LETF_2x,1971-09-30T00:00:00,1.0,1971-10-14T00:00:00,1.0080197557435893,14,long,100000.0,0.008019755743589263,801.9755743589263,120.29633615383895,681.6792382050874,174429.60693708205
LETF_2x,1971-12-02T00:00:00,1.0,1972-05-08T00:00:00,1.2733432016263473,158,long,100000.0,0.2733432016263473,27334.32016263473,4100.148024395209,23234.17213823952,197663.77907532157
LETF_2x,1972-05-10T00:00:00,1.0,1972-06-28T00:00:00,1.0394287750626172,49,long,100000.0,0.039428775062617216,3942.8775062617215,591.4316259392582,3351.4458803224634,201015.22495564402
LETF_2x,1972-06-30T00:00:00,1.0,1972-07-11T00:00:00,1.0105498106769726,11,long,100000.0,0.010549810676972582,1054.9810676972581,158.24716015458873,896.7339075426694,201911.95886318668
LETF_2x,1972-07-24T00:00:00,1.0,1972-07-26T00:00:00,1.0143264886498973,2,long,100000.0,0.014326488649897273,1432.6488649897274,214.8973297484591,1217.7515352412684,203129.71039842794
LETF_2x,1972-08-01T00:00:00,1.0,1972-09-11T00:00:00,1.0371636501756147,41,long,100000.0,0.03716365017561474,3716.365017561474,557.4547526342211,3158.9102649272527,206288.6206633552
LETF_2x,1972-09-27T00:00:00,1.0,1972-10-04T00:00:00,1.0334197179313234,7,long,100000.0,0.03341971793132337,3341.9717931323366,501.2957689698505,2840.676024162486,209129.29668751766
LETF_2x,1972-10-06T00:00:00,1.0,1972-10-11T00:00:00,1.0111665113820834,5,long,100000.0,0.011166511382083355,1116.6511382083354,167.4976707312503,949.1534674770851,210078.45015499476
LETF_2x,1972-10-23T00:00:00,1.0,1973-01-29T00:00:00,1.1064539486432214,98,long,100000.0,0.10645394864322144,10645.394864322145,1596.8092296483217,9048.585634673824,219127.0357896686
LETF_2x,1973-01-31T00:00:00,1.0,1973-01-31T00:00:00,1.0027603174603175,0,long,100000.0,0.002760317460317463,276.0317460317463,41.40476190476195,234.62698412698435,219361.66277379557
LETF_2x,1973-02-12T00:00:00,1.0,1973-02-13T00:00:00,1.0321417266540691,1,long,100000.0,0.032141726654069114,3214.172665406911,482.1258998110367,2732.0467655958746,222093.70953939145
LETF_2x,1973-07-23T00:00:00,1.0,1973-07-31T00:00:00,1.02111171019908,8,long,100000.0,0.02111171019908009,2111.171019908009,316.6756529862013,1794.4953669218075,223888.20490631324
LETF_2x,1973-09-06T00:00:00,1.0,1973-09-06T00:00:00,1.0103603174603175,0,long,100000.0,0.010360317460317514,1036.0317460317515,155.40476190476272,880.6269841269888,224768.83189044023
LETF_2x,1973-09-19T00:00:00,1.0,1973-11-02T00:00:00,1.0725804438788165,44,long,100000.0,0.07258044387881646,7258.044387881646,1088.7066581822469,6169.337729699399,230938.1696201396
LETF_2x,1973-11-08T00:00:00,1.0,1973-11-08T00:00:00,1.0221603174603175,0,long,100000.0,0.022160317460317547,2216.0317460317547,332.4047619047632,1883.6269841269914,232821.7966042666
LETF_2x,1974-03-05T00:00:00,1.0,1974-03-26T00:00:00,1.0443319275038265,21,long,100000.0,0.04433192750382653,4433.192750382653,664.9789125573978,3768.213837825255,236590.01044209185
LETF_2x,1974-11-05T00:00:00,1.0,1974-11-11T00:00:00,1.0694636941999327,6,long,100000.0,0.0694636941999327,6946.36941999327,1041.9554129989904,5904.41400699428,242494.42444908613
LETF_2x,1975-01-06T00:00:00,1.0,1975-01-07T00:00:00,1.0167296898286724,1,long,100000.0,0.0167296898286724,1672.9689828672401,250.945347430086,1422.023635437154,243916.4480845233
LETF_2x,1975-01-09T00:00:00,1.0,1975-08-01T00:00:00,1.6861495838436102,204,long,100000.0,0.6861495838436102,68614.95838436103,10292.243757654154,58322.714626706875,302239.16271123016
LETF_2x,1975-10-06T00:00:00,1.0,1975-12-02T00:00:00,1.0879686801595947,57,long,100000.0,0.08796868015959469,8796.86801595947,1319.5302023939205,7477.337813565549,309716.50052479573
LETF_2x,1975-12-16T00:00:00,1.0,1976-08-23T00:00:00,1.4332784648103056,251,long,100000.0,0.43327846481030563,43327.84648103056,6499.176972154583,36828.66950887597,346545.1700336717
LETF_2x,1976-08-25T00:00:00,1.0,1976-10-07T00:00:00,1.0475107805942203,43,long,100000.0,0.047510780594220314,4751.078059422031,712.6617089133047,4038.4163505087267,350583.58638418047
LETF_2x,1976-10-29T00:00:00,1.0,1976-11-01T00:00:00,1.0292404777651802,3,long,100000.0,0.02924047776518024,2924.047776518024,438.6071664777036,2485.4406100403203,353069.0269942208
LETF_2x,1976-11-04T00:00:00,1.0,1976-11-04T00:00:00,1.0157603174603174,0,long,100000.0,0.015760317460317363,1576.0317460317362,236.40476190476042,1339.626984126976,354408.6539783478
LETF_2x,1976-11-18T00:00:00,1.0,1977-02-10T00:00:00,1.0725002534715908,84,long,100000.0,0.07250025347159084,7250.025347159084,1087.5038020738625,6162.521545085221,360571.175523433
LETF_2x,1977-02-14T00:00:00,1.0,1977-02-17T00:00:00,1.0129837802449597,3,long,100000.0,0.01298378024495972,1298.3780244959719,194.75670367439577,1103.621320821576,361674.7968442546
LETF_2x,1977-03-01T00:00:00,1.0,1977-03-01T00:00:00,1.0173603174603174,0,long,100000.0,0.01736031746031741,1736.031746031741,260.40476190476113,1475.62698412698,363150.4238283816
LETF_2x,1977-03-03T00:00:00,1.0,1977-03-08T00:00:00,1.012829588735035,5,long,100000.0,0.012829588735034925,1282.9588735034924,192.44383102552385,1090.5150424779686,364240.93887085957
LETF_2x,1977-03-10T00:00:00,1.0,1977-03-22T00:00:00,1.0197969063165104,12,long,100000.0,0.019796906316510432,1979.6906316510433,296.9535947476565,1682.7370369033868,365923.67590776295
LETF_2x,1977-04-12T00:00:00,1.0,1977-04-20T00:00:00,1.0370800705969383,8,long,100000.0,0.0370800705969383,3708.00705969383,556.2010589540745,3151.8060007397553,369075.4819085027
LETF_2x,1977-05-03T00:00:00,1.0,1977-05-20T00:00:00,1.0284254968219813,17,long,100000.0,0.028425496821981255,2842.5496821981255,426.38245232971883,2416.1672298684066,371491.6491383711
LETF_2x,1977-06-08T00:00:00,1.0,1977-08-02T00:00:00,1.0360447454934536,55,long,100000.0,0.0360447454934536,3604.47454934536,540.671182401804,3063.8033669435563,374555.45250531466
LETF_2x,1977-08-04T00:00:00,1.0,1977-08-05T00:00:00,1.0107263279239105,1,long,100000.0,0.010726327923910484,1072.6327923910483,160.89491885865723,911.7378735323911,375467.19037884707
LETF_2x,1977-08-10T00:00:00,1.0,1977-08-11T00:00:00,1.0037707177651802,1,long,100000.0,0.0037707177651802315,377.07177651802317,56.560766477703474,320.5110100403197,375787.70138888736
LETF_2x,1977-08-15T00:00:00,1.0,1977-08-15T00:00:00,1.0045603174603175,0,long,100000.0,0.004560317460317487,456.0317460317487,68.4047619047623,387.6269841269864,376175.32837301434
LETF_2x,1977-09-06T00:00:00,1.0,1977-09-07T00:00:00,1.0093415434794657,1,long,100000.0,0.009341543479465697,934.1543479465697,140.12315219198544,794.0311957545842,376969.35956876894
LETF_2x,1977-11-10T00:00:00,1.0,1977-12-05T00:00:00,1.0588202993345062,25,long,100000.0,0.058820299334506165,5882.029933450616,882.3044900175925,4999.725443433023,381969.085012202
LETF_2x,1977-12-09T00:00:00,1.0,1977-12-15T00:00:00,1.0139449537127794,6,long,100000.0,0.013944953712779373,1394.4953712779372,209.1743056916906,1185.3210655862467,383154.4060777882
LETF_2x,1977-12-22T00:00:00,1.0,1978-01-03T00:00:00,1.0168534465690622,12,long,100000.0,0.01685344656906218,1685.344656906218,252.8016985359327,1432.5429583702853,384586.9490361585
LETF_2x,1978-03-16T00:00:00,1.0,1978-03-23T00:00:00,1.0108049965772412,7,long,100000.0,0.01080499657724121,1080.499657724121,162.07494865861815,918.424709065503,385505.37374522403
LETF_2x,1978-03-28T00:00:00,1.0,1978-03-31T00:00:00,1.008370376222112,3,long,100000.0,0.008370376222111897,837.0376222111897,125.55564333167845,711.4819788795113,386216.8557241035
LETF_2x,1978-04-04T00:00:00,1.0,1978-10-17T00:00:00,1.3923007577291708,196,long,100000.0,0.39230075772917083,39230.07577291708,5884.511365937562,33345.564406979516,419562.42013108305
LETF_2x,1978-12-26T00:00:00,1.0,1978-12-26T00:00:00,1.0203603174603175,0,long,100000.0,0.020360317460317523,2036.0317460317524,305.40476190476284,1730.6269841269896,421293.04711521004
LETF_2x,1979-01-03T00:00:00,1.0,1979-02-06T00:00:00,1.0527503982297817,34,long,100000.0,0.05275039822978167,5275.039822978167,791.255973446725,4483.783849531442,425776.8309647415
LETF_2x,1979-02-08T00:00:00,1.0,1979-02-26T00:00:00,1.0211202419779848,18,long,100000.0,0.02112024197798479,2112.024197798479,316.8036296697718,1795.2205681287069,427572.05153287016
LETF_2x,1979-03-02T00:00:00,1.0,1979-05-09T00:00:00,1.0845235361233976,68,long,100000.0,0.08452353612339758,8452.353612339759,1267.8530418509638,7184.500570488795,434756.55210335896
LETF_2x,1979-05-11T00:00:00,1.0,1979-05-11T00:00:00,1.0031603174603174,0,long,100000.0,0.003160317460317419,316.0317460317419,47.40476190476128,268.6269841269806,435025.17908748594
LETF_2x,1979-05-16T00:00:00,1.0,1979-10-09T00:00:00,1.2436676783908385,146,long,100000.0,0.24366767839083847,24366.76783908385,3655.015175862577,20711.752663221272,455736.9317507072
LETF_2x,1979-11-12T00:00:00,1.0,1979-11-12T00:00:00,1.0351603174603174,0,long,100000.0,0.03516031746031745,3516.0317460317447,527.4047619047617,2988.626984126983,458725.5587348342
LETF_2x,1979-11-14T00:00:00,1.0,1980-03-05T00:00:00,1.2186741652127724,112,long,100000.0,0.2186741652127724,21867.41652127724,3280.1124781915855,18587.304043085653,477312.86277791986
LETF_2x,1980-04-30T00:00:00,1.0,1980-04-30T00:00:00,1.0071603174603174,0,long,100000.0,0.0071603174603174224,716.0317460317423,107.40476190476134,608.6269841269809,477921.48976204684
LETF_2x,1980-05-05T00:00:00,1.0,1980-05-08T00:00:00,1.0243492831849548,3,long,100000.0,0.024349283184954773,2434.9283184954775,365.2392477743216,2069.689070721156,479991.178832768
LETF_2x,1980-05-13T00:00:00,1.0,1981-01-30T00:00:00,1.6604697231401506,262,long,100000.0,0.6604697231401506,66046.97231401506,9907.04584710226,56139.9264669128,536131.1052996808
LETF_2x,1981-02-05T00:00:00,1.0,1981-02-10T00:00:00,1.0156569946316838,5,long,100000.0,0.015656994631683796,1565.6994631683797,234.85491947525693,1330.8445436931227,537461.949843374
LETF_2x,1981-02-26T00:00:00,1.0,1981-07-01T00:00:00,1.0992910324024165,125,long,100000.0,0.09929103240241655,9929.103240241655,1489.3654860362483,8439.737754205407,545901.6875975793
LETF_2x,1981-07-15T00:00:00,1.0,1981-07-17T00:00:00,1.0198044271552287,2,long,100000.0,0.019804427155228677,1980.4427155228677,297.06640732843016,1683.3763081944376,547585.0639057738
LETF_2x,1981-07-30T00:00:00,1.0,1981-08-20T00:00:00,1.030355439176668,21,long,100000.0,0.030355439176668053,3035.543917666805,455.33158765002077,2580.212330016784,550165.2762357906
LETF_2x,1981-11-02T00:00:00,1.0,1981-11-13T00:00:00,1.0166993923216132,11,long,100000.0,0.016699392321613216,1669.9392321613216,250.49088482419822,1419.4483473371233,551584.7245831277
LETF_2x,1981-11-20T00:00:00,1.0,1981-12-15T00:00:00,1.0264569139190185,25,long,100000.0,0.0264569139190185,2645.69139190185,396.85370878527743,2248.8376831165724,553833.5622662442
LETF_2x,1981-12-17T00:00:00,1.0,1981-12-22T00:00:00,1.006474819251192,5,long,100000.0,0.006474819251192088,647.4819251192088,97.12228876788132,550.3596363513275,554383.9219025956
LETF_2x,1981-12-24T00:00:00,1.0,1981-12-24T00:00:00,1.0049603174603174,0,long,100000.0,0.004960317460317443,496.03174603174426,74.40476190476164,421.6269841269826,554805.5488867225
LETF_2x,1981-12-31T00:00:00,1.0,1982-01-04T00:00:00,1.0109487599874025,4,long,100000.0,0.010948759987402523,1094.8759987402523,164.23139981103785,930.6445989292145,555736.1934856517
LETF_2x,1982-04-07T00:00:00,1.0,1982-05-18T00:00:00,1.0308633338107653,41,long,100000.0,0.030863333810765337,3086.3333810765334,462.95000716148,2623.383373915053,558359.5768595668
LETF_2x,1982-08-20T00:00:00,1.0,1983-08-05T00:00:00,2.483493370128378,350,long,100000.0,1.483493370128378,148349.3370128378,22252.400551925668,126096.93646091211,684456.513320479
LETF_2x,1983-08-10T00:00:00,1.0,1983-08-24T00:00:00,1.0114189776049123,14,long,100000.0,0.011418977604912284,1141.8977604912284,171.28466407368424,970.6130964175442,685427.1264168965
LETF_2x,1983-08-26T00:00:00,1.0,1983-10-21T00:00:00,1.0466344330765993,56,long,100000.0,0.04663443307659931,4663.443307659932,699.5164961489897,3963.9268115109417,689391.0532284074
LETF_2x,1983-10-25T00:00:00,1.0,1983-10-25T00:00:00,1.0059603174603176,0,long,100000.0,0.005960317460317555,596.0317460317555,89.40476190476332,506.62698412699217,689897.6802125344
LETF_2x,1983-11-11T00:00:00,1.0,1983-12-13T00:00:00,1.0216263066390256,32,long,100000.0,0.02162630663902565,2162.630663902565,324.39459958538475,1838.2360643171805,691735.9162768516
LETF_2x,1983-12-28T00:00:00,1.0,1983-12-30T00:00:00,1.006476131650125,2,long,100000.0,0.00647613165012495,647.613165012495,97.14197475187424,550.4711902606207,692286.3874671122
LETF_2x,1984-01-04T00:00:00,1.0,1984-01-24T00:00:00,1.0222764512700142,20,long,100000.0,0.022276451270014208,2227.645127001421,334.1467690502131,1893.4983579512077,694179.8858250633
LETF_2x,1984-05-01T00:00:00,1.0,1984-05-10T00:00:00,1.0158447363814975,9,long,100000.0,0.015844736381497526,1584.4736381497526,237.67104572246288,1346.8025924272897,695526.6884174906
LETF_2x,1984-08-02T00:00:00,1.0,1984-12-04T00:00:00,1.151032350441311,124,long,100000.0,0.15103235044131091,15103.235044131092,2265.4852566196637,12837.749787511428,708364.438205002
LETF_2x,1984-12-10T00:00:00,1.0,1984-12-12T00:00:00,1.0052662900639813,2,long,100000.0,0.0052662900639812715,526.6290063981271,78.99435095971906,447.63465543840806,708812.0728604404
LETF_2x,1984-12-14T00:00:00,1.0,1985-09-10T00:00:00,1.4370065287730003,270,long,100000.0,0.4370065287730003,43700.652877300025,6555.0979315950035,37145.55494570502,745957.6278061453
LETF_2x,1985-10-14T00:00:00,1.0,1986-07-14T00:00:00,1.7652235289555385,273,long,100000.0,0.7652235289555385,76522.35289555385,11478.352934333077,65043.999961220776,811001.6277673661
LETF_2x,1986-07-16T00:00:00,1.0,1986-07-28T00:00:00,1.0112447020505082,12,long,100000.0,0.011244702050508204,1124.4702050508204,168.67053075762306,955.7996742931973,811957.4274416593
LETF_2x,1986-07-30T00:00:00,1.0,1986-07-30T00:00:00,1.0099603174603176,0,long,100000.0,0.009960317460317558,996.0317460317558,149.40476190476338,846.6269841269924,812804.0544257862
LETF_2x,1986-08-07T00:00:00,1.0,1986-09-10T00:00:00,1.070506965201246,34,long,100000.0,0.070506965201246,7050.696520124599,1057.6044780186899,5993.092042105909,818797.1464678921
LETF_2x,1986-10-15T00:00:00,1.0,1986-10-17T00:00:00,1.0248567233977661,2,long,100000.0,0.024856723397766123,2485.6723397766123,372.8508509664918,2112.8214888101206,820909.9679567022
LETF_2x,1986-10-23T00:00:00,1.0,1986-11-17T00:00:00,1.0552364429717553,25,long,100000.0,0.05523644297175534,5523.644297175534,828.5466445763301,4695.097652599204,825605.0656093014
LETF_2x,1986-11-20T00:00:00,1.0,1986-12-29T00:00:00,1.0410405936228746,39,long,100000.0,0.0410405936228746,4104.05936228746,615.608904343119,3488.4504579443415,829093.5160672457
LETF_2x,1987-01-02T00:00:00,1.0,1987-05-18T00:00:00,1.366480448410759,136,long,100000.0,0.3664804484107591,36648.04484107591,5497.2067261613865,31150.838114914528,860244.3541821602
LETF_2x,1987-05-22T00:00:00,1.0,1987-10-09T00:00:00,1.2243603041863382,140,long,100000.0,0.22436030418633823,22436.03041863382,3365.404562795073,19070.62585583875,879314.980037999
LETF_2x,1987-10-13T00:00:00,1.0,1987-10-13T00:00:00,1.0263603174603175,0,long,100000.0,0.02636031746031753,2636.031746031753,395.4047619047629,2240.62698412699,881555.607022126
LETF_2x,1988-02-12T00:00:00,1.0,1988-03-31T00:00:00,1.053168672072177,48,long,100000.0,0.053168672072176903,5316.8672072176905,797.5300810826535,4519.337126135037,886074.944148261
LETF_2x,1988-04-05T00:00:00,1.0,1988-04-18T00:00:00,1.0170169480533724,13,long,100000.0,0.017016948053372394,1701.6948053372394,255.2542208005859,1446.4405845366534,887521.3847327976
LETF_2x,1988-04-22T00:00:00,1.0,1988-05-05T00:00:00,1.0233911922190406,13,long,100000.0,0.023391192219040624,2339.119221904062,350.8678832856093,1988.2513386184528,889509.6360714161
LETF_2x,1988-05-16T00:00:00,1.0,1988-05-16T00:00:00,1.0121603174603175,0,long,100000.0,0.012160317460317538,1216.0317460317538,182.40476190476306,1033.6269841269907,890543.2630555431
LETF_2x,1988-05-31T00:00:00,1.0,1988-08-09T00:00:00,1.1164371125457992,70,long,100000.0,0.11643711254579925,11643.711254579925,1746.5566881869886,9897.154566392936,900440.417621936
LETF_2x,1988-08-29T00:00:00,1.0,1988-08-31T00:00:00,1.0170474515289756,2,long,100000.0,0.017047451528975577,1704.7451528975578,255.71177293463364,1449.033379962924,901889.4510018989
LETF_2x,1988-09-02T00:00:00,1.0,1988-11-10T00:00:00,1.1076272332554928,69,long,100000.0,0.10762723325549284,10762.723325549283,1614.4084988323923,9148.31482671689,911037.7658286158
LETF_2x,1988-11-29T00:00:00,1.0,1989-10-12T00:00:00,1.804198655268426,317,long,100000.0,0.8041986552684259,80419.8655268426,12062.979829026388,68356.88569781621,979394.651526432
LETF_2x,1989-10-16T00:00:00,1.0,1989-10-26T00:00:00,1.0092245597792557,10,long,100000.0,0.009224559779255737,922.4559779255736,138.36839668883604,784.0875812367376,980178.7391076687
LETF_2x,1989-10-31T00:00:00,1.0,1989-11-02T00:00:00,1.0210333339350177,2,long,100000.0,0.021033333935017717,2103.3333935017718,315.50000902526574,1787.8333844765061,981966.5724921452
LETF_2x,1989-11-08T00:00:00,1.0,1989-11-08T00:00:00,1.0199603174603176,0,long,100000.0,0.019960317460317567,1996.0317460317567,299.4047619047635,1696.6269841269932,983663.1994762722
LETF_2x,1989-11-10T00:00:00,1.0,1989-12-18T00:00:00,1.0219693348925065,38,long,100000.0,0.02196933489250652,2196.933489250652,329.54002338759784,1867.3934658630544,985530.5929421353
LETF_2x,1989-12-21T00:00:00,1.0,1990-01-11T00:00:00,1.0379306235299262,21,long,100000.0,0.037930623529926155,3793.0623529926156,568.9593529488923,3224.103000043723,988754.6959421791
LETF_2x,1990-03-06T00:00:00,1.0,1990-03-21T00:00:00,1.0340278307567174,15,long,100000.0,0.03402783075671745,3402.783075671745,510.4174613507617,2892.3656143209832,991647.0615565
LETF_2x,1990-03-23T00:00:00,1.0,1990-04-18T00:00:00,1.0239598002611217,26,long,100000.0,0.023959800261121655,2395.9800261121654,359.3970039168248,2036.5830221953406,993683.6445786954
LETF_2x,1990-05-04T00:00:00,1.0,1990-08-01T00:00:00,1.1087215550240455,89,long,100000.0,0.10872155502404546,10872.155502404546,1630.823325360682,9241.332177043865,1002924.9767557393
LETF_2x,1990-11-30T00:00:00,1.0,1991-01-04T00:00:00,1.043963132717014,35,long,100000.0,0.04396313271701402,4396.313271701402,659.4469907552103,3736.866280946192,1006661.8430366855
LETF_2x,1991-01-17T00:00:00,1.0,1991-10-08T00:00:00,1.5610055218736105,264,long,100000.0,0.5610055218736105,56100.552187361056,8415.082828104158,47685.469359256895,1054347.3123959424
LETF_2x,1991-10-10T00:00:00,1.0,1991-11-18T00:00:00,1.0549704663261459,39,long,100000.0,0.054970466326145884,5497.046632614589,824.5569948921883,4672.4896377224,1059019.802033665
LETF_2x,1991-12-02T00:00:00,1.0,1991-12-04T00:00:00,1.0276694503646513,2,long,100000.0,0.027669450364651293,2766.9450364651293,415.0417554697694,2351.90328099536,1061371.7053146602
LETF_2x,1991-12-06T00:00:00,1.0,1991-12-06T00:00:00,1.0077603174603174,0,long,100000.0,0.007760317460317356,776.0317460317357,116.40476190476035,659.6269841269753,1062031.332298787
LETF_2x,1991-12-12T00:00:00,1.0,1992-04-01T00:00:00,1.1845081853917725,111,long,100000.0,0.1845081853917725,18450.81853917725,2767.6227808765875,15683.195758300662,1077714.5280570877
LETF_2x,1992-04-06T00:00:00,1.0,1992-04-06T00:00:00,1.0185603174603175,0,long,100000.0,0.0185603174603175,1856.03174603175,278.4047619047625,1577.6269841269873,1079292.1550412148
LETF_2x,1992-04-10T00:00:00,1.0,1992-06-09T00:00:00,1.0340508043821792,60,long,100000.0,0.03405080438217922,3405.080438217922,510.7620657326883,2894.318372485234,1082186.4734137
LETF_2x,1992-07-01T00:00:00,1.0,1992-07-06T00:00:00,1.023075316896392,5,long,100000.0,0.023075316896391973,2307.5316896391973,346.1297534458796,1961.4019361933179,1084147.8753498932
LETF_2x,1992-07-08T00:00:00,1.0,1992-08-21T00:00:00,1.0356336561292545,44,long,100000.0,0.03563365612925451,3563.365612925451,534.5048419388177,3028.8607709866333,1087176.7361208799
LETF_2x,1992-08-26T00:00:00,1.0,1992-10-01T00:00:00,1.03510649503024,36,long,100000.0,0.03510649503023999,3510.6495030239994,526.5974254535998,2984.0520775703994,1090160.7881984503
LETF_2x,1992-10-16T00:00:00,1.0,1993-04-22T00:00:00,1.2062816137598067,188,long,100000.0,0.2062816137598067,20628.161375980668,3094.2242063971003,17533.93716958357,1107694.7253680339
LETF_2x,1993-04-30T00:00:00,1.0,1993-11-19T00:00:00,1.157404326208476,203,long,100000.0,0.1574043262084761,15740.43262084761,2361.0648931271417,13379.36772772047,1121074.0930957543
LETF_2x,1993-11-23T00:00:00,1.0,1994-03-02T00:00:00,1.0553573908441514,99,long,100000.0,0.055357390844151366,5535.739084415137,830.3608626622705,4705.378221752866,1125779.471317507
LETF_2x,1994-03-04T00:00:00,1.0,1994-03-24T00:00:00,1.0137169525419238,20,long,100000.0,0.013716952541923844,1371.6952541923843,205.75428812885764,1165.9409660635265,1126945.4122835705
LETF_2x,1994-06-02T00:00:00,1.0,1994-06-07T00:00:00,1.0080110318251738,5,long,100000.0,0.00801103182517382,801.103182517382,120.1654773776073,680.9377051397747,1127626.3499887104
LETF_2x,1994-06-10T00:00:00,1.0,1994-06-16T00:00:00,1.0166291552383353,6,long,100000.0,0.016629155238335303,1662.9155238335302,249.4373285750295,1413.4781952585006,1129039.8281839688
LETF_2x,1994-07-29T00:00:00,1.0,1994-10-03T00:00:00,1.062539170019457,66,long,100000.0,0.06253917001945708,6253.917001945708,938.0875502918561,5315.829451653852,1134355.6576356227
LETF_2x,1994-10-10T00:00:00,1.0,1994-11-18T00:00:00,1.0252047683393295,39,long,100000.0,0.025204768339329497,2520.47683393295,378.07152508994244,2142.4053088430073,1136498.0629444655
LETF_2x,1994-12-21T00:00:00,1.0,1994-12-21T00:00:00,1.0127603174603175,0,long,100000.0,0.012760317460317472,1276.0317460317472,191.40476190476207,1084.626984126985,1137582.6899285926
LETF_2x,1994-12-23T00:00:00,1.0,1996-07-10T00:00:00,2.1165343829431165,565,long,100000.0,1.1165343829431165,111653.43829431165,16748.015744146745,94905.4225501649,1232488.1124787575
LETF_2x,1996-08-02T00:00:00,1.0,1996-09-04T00:00:00,1.0372356163583634,33,long,100000.0,0.037235616358363366,3723.561635836337,558.5342453754505,3165.027390460886,1235653.1398692185
LETF_2x,1996-09-06T00:00:00,1.0,1997-03-27T00:00:00,1.3353929321601556,202,long,100000.0,0.33539293216015564,33539.29321601556,5030.893982402334,28508.39923361323,1264161.5391028316
LETF_2x,1997-04-29T00:00:00,1.0,1997-10-24T00:00:00,1.5798246275720094,178,long,100000.0,0.5798246275720094,57982.462757200934,8697.36941358014,49285.09334362079,1313446.6324464525
LETF_2x,1997-10-28T00:00:00,1.0,1997-10-29T00:00:00,1.0844659672889896,1,long,100000.0,0.08446596728898959,8446.596728898958,1266.9895093348437,7179.607219564114,1320626.2396660165
LETF_2x,1997-10-31T00:00:00,1.0,1997-11-11T00:00:00,1.0373703881855774,11,long,100000.0,0.03737038818557736,3737.0388185577362,560.5558227836605,3176.482995774076,1323802.7226617907
LETF_2x,1997-11-14T00:00:00,1.0,1997-12-23T00:00:00,1.039001832491582,39,long,100000.0,0.039001832491581956,3900.1832491581954,585.0274873737293,3315.155761784466,1327117.878423575
LETF_2x,1997-12-26T00:00:00,1.0,1998-01-08T00:00:00,1.0446501173333427,13,long,100000.0,0.044650117333342676,4465.011733334268,669.7517600001402,3795.2599733341276,1330913.1383969092
LETF_2x,1998-01-13T00:00:00,1.0,1998-06-12T00:00:00,1.3450394310581777,150,long,100000.0,0.3450394310581777,34503.94310581777,5175.591465872666,29328.351639945107,1360241.4900368543
LETF_2x,1998-06-16T00:00:00,1.0,1998-07-31T00:00:00,1.0653058056961144,45,long,100000.0,0.06530580569611444,6530.580569611444,979.5870854417166,5550.993484169728,1365792.483521024
LETF_2x,1998-10-22T00:00:00,1.0,1998-10-26T00:00:00,1.013919131939172,4,long,100000.0,0.013919131939172047,1391.9131939172048,208.7869790875807,1183.1262148296241,1366975.6097358537
LETF_2x,1998-10-28T00:00:00,1.0,1999-08-02T00:00:00,1.5645051076421934,278,long,100000.0,0.5645051076421934,56450.51076421934,8467.5766146329,47982.934149586436,1414958.54388544
LETF_2x,1999-08-13T00:00:00,1.0,1999-08-18T00:00:00,1.0552380545447062,5,long,100000.0,0.055238054544706205,5523.80545447062,828.570818170593,4695.234636300027,1419653.77852174
LETF_2x,1999-08-20T00:00:00,1.0,1999-08-27T00:00:00,1.0377108977832492,7,long,100000.0,0.03771089778324921,3771.089778324921,565.6634667487382,3205.426311576183,1422859.2048333164
LETF_2x,1999-09-01T00:00:00,1.0,1999-09-01T00:00:00,1.0155603174603174,0,long,100000.0,0.015560317460317385,1556.0317460317385,233.40476190476076,1322.6269841269777,1424181.8318174432
LETF_2x,1999-09-03T00:00:00,1.0,1999-09-14T00:00:00,1.031979247082299,11,long,100000.0,0.031979247082299045,3197.9247082299044,479.6887062344856,2718.2360019954185,1426900.0678194386
LETF_2x,1999-09-17T00:00:00,1.0,1999-09-20T00:00:00,1.0251295564953389,3,long,100000.0,0.02512955649533888,2512.955649533888,376.9433474300832,2136.012302103805,1429036.0801215426
LETF_2x,1999-10-06T00:00:00,1.0,1999-10-11T00:00:00,1.0551510425022663,5,long,100000.0,0.05515104250226632,5515.104250226633,827.2656375339949,4687.838612692638,1433723.9187342352
LETF_2x,1999-10-28T00:00:00,1.0,2000-04-11T00:00:00,1.3885396945700421,166,long,100000.0,0.3885396945700421,38853.96945700421,5828.095418550632,33025.87403845358,1466749.792772689
LETF_2x,2000-04-25T00:00:00,1.0,2000-04-25T00:00:00,1.0759603174603174,0,long,100000.0,0.0759603174603174,7596.031746031739,1139.4047619047608,6456.626984126979,1473206.4197568158
LETF_2x,2000-04-28T00:00:00,1.0,2000-05-01T00:00:00,1.0299648860191484,3,long,100000.0,0.029964886019148373,2996.4886019148375,449.4732902872256,2547.015311627612,1475753.4350684434
LETF_2x,2000-05-16T00:00:00,1.0,2000-05-16T00:00:00,1.0261603174603176,0,long,100000.0,0.02616031746031755,2616.031746031755,392.40476190476323,2223.626984126992,1477977.0620525705
LETF_2x,2000-06-02T00:00:00,1.0,2000-07-26T00:00:00,1.0455398958649618,54,long,100000.0,0.045539895864961766,4553.989586496176,683.0984379744265,3870.89114852175,1481847.9532010923
LETF_2x,2000-08-04T00:00:00,1.0,2000-09-15T00:00:00,1.0469731521977774,42,long,100000.0,0.046973152197777424,4697.315219777743,704.5972829666614,3992.717936811081,1485840.6711379034
LETF_2x,2000-09-19T00:00:00,1.0,2000-09-19T00:00:00,1.0251603174603174,0,long,100000.0,0.02516031746031744,2516.0317460317438,377.40476190476153,2138.6269841269823,1487979.2981220302
LETF_2x,2000-09-28T00:00:00,1.0,2000-09-28T00:00:00,1.0469603174603175,0,long,100000.0,0.04696031746031748,4696.031746031748,704.4047619047623,3991.626984126986,1491970.9251061573
LETF_2x,2001-01-30T00:00:00,1.0,2001-01-30T00:00:00,1.0135603174603174,0,long,100000.0,0.013560317460317384,1356.0317460317383,203.40476190476073,1152.6269841269775,1493123.5520902842
LETF_2x,2001-02-01T00:00:00,1.0,2001-02-01T00:00:00,1.0081603174603175,0,long,100000.0,0.008160317460317534,816.0317460317534,122.404761904763,693.6269841269905,1493817.1790744113
LETF_2x,2001-05-01T00:00:00,1.0,2001-05-02T00:00:00,1.0345069514159737,1,long,100000.0,0.03450695141597371,3450.695141597371,517.6042712396056,2933.090870357765,1496750.269944769
LETF_2x,2001-05-04T00:00:00,1.0,2001-05-10T00:00:00,1.0089524057565409,6,long,100000.0,0.008952405756540882,895.2405756540882,134.28608634811323,760.9544893059749,1497511.2244340752
LETF_2x,2001-05-16T00:00:00,1.0,2001-05-29T00:00:00,1.0158760850011506,13,long,100000.0,0.015876085001150564,1587.6085001150564,238.14127501725844,1349.4672250977978,1498860.691659173
LETF_2x,2001-06-01T00:00:00,1.0,2001-06-08T00:00:00,1.0161353344552309,7,long,100000.0,0.016135334455230854,1613.5334455230854,242.0300168284628,1371.5034286946227,1500232.1950878676
LETF_2x,2001-11-13T00:00:00,1.0,2001-11-27T00:00:00,1.0601430127149558,14,long,100000.0,0.06014301271495581,6014.301271495581,902.1451907243371,5112.156080771244,1505344.3511686388
LETF_2x,2001-11-29T00:00:00,1.0,2001-11-30T00:00:00,1.012256201256824,1,long,100000.0,0.012256201256823918,1225.6201256823917,183.84301885235877,1041.777106830033,1506386.1282754687
LETF_2x,2001-12-04T00:00:00,1.0,2001-12-12T00:00:00,1.014806577128156,8,long,100000.0,0.014806577128156029,1480.657712815603,222.09865692234044,1258.5590558932624,1507644.687331362
LETF_2x,2001-12-17T00:00:00,1.0,2002-01-15T00:00:00,1.0410001482126794,29,long,100000.0,0.04100014821267939,4100.014821267939,615.0022231901908,3485.012598077748,1511129.6999294397
LETF_2x,2002-03-01T00:00:00,1.0,2002-04-02T00:00:00,1.0539565771630854,32,long,100000.0,0.05395657716308544,5395.657716308544,809.3486574462815,4586.309058862263,1515716.008988302
LETF_2x,2002-11-05T00:00:00,1.0,2002-11-06T00:00:00,1.0420419341754052,1,long,100000.0,0.04204193417540525,4204.193417540525,630.6290126310787,3573.5644049094462,1519289.5733932115
LETF_2x,2002-11-15T00:00:00,1.0,2002-11-15T00:00:00,1.0147293900442789,0,long,100000.0,0.014729390044278867,1472.9390044278866,220.940850664183,1251.9981537637036,1520541.571546975
LETF_2x,2002-11-20T00:00:00,1.0,2002-12-06T00:00:00,1.0343576793298024,16,long,100000.0,0.03435767932980238,3435.767932980238,515.3651899470357,2920.4027430332026,1523461.9742900082
LETF_2x,2002-12-16T00:00:00,1.0,2002-12-16T00:00:00,1.0516730128581318,0,long,100000.0,0.05167301285813175,5167.301285813175,775.0951928719762,4392.206092941199,1527854.1803829493
LETF_2x,2003-01-02T00:00:00,1.0,2003-01-16T00:00:00,1.0852502606734642,14,long,100000.0,0.0852502606734642,8525.02606734642,1278.753910101963,7246.272157244457,1535100.4525401937
LETF_2x,2003-03-19T00:00:00,1.0,2003-03-21T00:00:00,1.0629799465059957,2,long,100000.0,0.0629799465059957,6297.9946505995695,944.6991975899354,5353.295453009634,1540453.7479932033
LETF_2x,2003-03-25T00:00:00,1.0,2003-03-27T00:00:00,1.0104034531297217,2,long,100000.0,0.010403453129721685,1040.3453129721686,156.0517969458253,884.2935160263432,1541338.0415092297
LETF_2x,2003-04-02T00:00:00,1.0,2003-04-08T00:00:00,1.0497423955501408,6,long,100000.0,0.04974239555014082,4974.239555014082,746.1359332521123,4228.103621761969,1545566.1451309917
LETF_2x,2003-04-10T00:00:00,1.0,2004-03-19T00:00:00,1.6375691485732458,344,long,100000.0,0.6375691485732458,63756.91485732458,9563.537228598687,54193.37762872589,1599759.5227597177
LETF_2x,2004-03-25T00:00:00,1.0,2004-04-29T00:00:00,1.0393697999934262,35,long,100000.0,0.03936979999342616,3936.979999342616,590.5469999013924,3346.4329994412237,1603105.9557591588
LETF_2x,2004-05-03T00:00:00,1.0,2004-05-06T00:00:00,1.0149861985493274,3,long,100000.0,0.014986198549327368,1498.6198549327366,224.7929782399105,1273.826876692826,1604379.7826358518
LETF_2x,2004-05-25T00:00:00,1.0,2004-07-07T00:00:00,1.0405922815681314,43,long,100000.0,0.04059228156813144,4059.228156813144,608.8842235219715,3450.343933291172,1607830.126569143
LETF_2x,2004-07-13T00:00:00,1.0,2004-07-13T00:00:00,1.001391736330741,0,long,100000.0,0.001391736330740967,139.1736330740967,20.876044961114506,118.2975881129822,1607948.424157256
LETF_2x,2004-08-25T00:00:00,1.0,2004-08-27T00:00:00,1.0198587450477772,2,long,100000.0,0.019858745047777182,1985.8745047777181,297.8811757166577,1687.9933290610604,1609636.417486317
LETF_2x,2004-08-31T00:00:00,1.0,2004-09-24T00:00:00,1.0239819689334044,24,long,100000.0,0.02398196893340443,2398.196893340443,359.7295340010664,2038.4673593393763,1611674.8848456563
LETF_2x,2004-09-28T00:00:00,1.0,2004-10-13T00:00:00,1.0131535886400775,15,long,100000.0,0.01315358864007754,1315.358864007754,197.30382960116307,1118.055034406591,1612792.9398800628
LETF_2x,2004-10-18T00:00:00,1.0,2004-10-18T00:00:00,1.0075101645288578,0,long,100000.0,0.007510164528857777,751.0164528857777,112.65246793286664,638.363984952911,1613431.3038650157
LETF_2x,2004-10-26T00:00:00,1.0,2005-03-21T00:00:00,1.1735390941735382,146,long,100000.0,0.1735390941735382,17353.909417353818,2603.0864126030724,14750.823004750746,1628182.1268697665
LETF_2x,2005-03-30T00:00:00,1.0,2005-03-31T00:00:00,1.024409979029614,1,long,100000.0,0.02440997902961395,2440.9979029613946,366.1496854442092,2074.8482175171853,1630256.9750872836
LETF_2x,2005-04-05T00:00:00,1.0,2005-04-12T00:00:00,1.0178294343326564,7,long,100000.0,0.01782943433265638,1782.943433265638,267.4415149898457,1515.5019182757924,1631772.4770055595
LETF_2x,2005-05-04T00:00:00,1.0,2005-05-05T00:00:00,1.0146660993463676,1,long,100000.0,0.014666099346367645,1466.6099346367646,219.99149019551467,1246.61844444125,1633019.0954500008
LETF_2x,2005-05-09T00:00:00,1.0,2005-05-09T00:00:00,1.0124294271189285,0,long,100000.0,0.012429427118928471,1242.942711892847,186.44140678392705,1056.50130510892,1634075.5967551097
LETF_2x,2005-05-11T00:00:00,1.0,2005-05-11T00:00:00,1.0109380191926254,0,long,100000.0,0.010938019192625381,1093.8019192625381,164.07028788938072,929.7316313731574,1635005.3283864828
LETF_2x,2005-05-17T00:00:00,1.0,2005-10-04T00:00:00,1.087488551747561,140,long,100000.0,0.08748855174756098,8748.855174756098,1312.3282762134147,7436.526898542683,1642441.8552850254
LETF_2x,2005-11-01T00:00:00,1.0,2006-05-16T00:00:00,1.1690017913919297,196,long,100000.0,0.16900179139192972,16900.179139192973,2535.026870878946,14365.152268314027,1656807.0075533395
LETF_2x,2006-05-26T00:00:00,1.0,2006-05-26T00:00:00,1.0101380671638454,0,long,100000.0,0.010138067163845355,1013.8067163845354,152.0710074576803,861.7357089268551,1657668.7432622663
LETF_2x,2006-06-01T00:00:00,1.0,2006-06-02T00:00:00,1.0233305309468994,1,long,100000.0,0.023330530946899408,2333.0530946899407,349.9579642034911,1983.0951304864498,1659651.8383927527
LETF_2x,2006-06-29T00:00:00,1.0,2006-07-06T00:00:00,1.0429163673406616,7,long,100000.0,0.04291636734066162,4291.636734066162,643.7455101099242,3647.891223956238,1663299.7296167088
LETF_2x,2006-07-10T00:00:00,1.0,2006-07-11T00:00:00,1.0125741521211955,1,long,100000.0,0.012574152121195503,1257.4152121195502,188.61228181793254,1068.8029303016176,1664368.5325470103
LETF_2x,2006-07-25T00:00:00,1.0,2007-02-26T00:00:00,1.3375506323566628,216,long,100000.0,0.3375506323566628,33755.06323566628,5063.259485349942,28691.80375031634,1693060.3362973267
LETF_2x,2007-02-28T00:00:00,1.0,2007-03-01T00:00:00,1.0143391755975988,1,long,100000.0,0.014339175597598786,1433.9175597598785,215.08763396398177,1218.8299257958968,1694279.1662231225
LETF_2x,2007-03-08T00:00:00,1.0,2007-03-12T00:00:00,1.0204033097395002,4,long,100000.0,0.02040330973950022,2040.3309739500219,306.0496460925033,1734.2813278575186,1696013.44755098
LETF_2x,2007-03-19T00:00:00,1.0,2007-07-25T00:00:00,1.198414923041224,128,long,100000.0,0.198414923041224,19841.4923041224,2976.22384561836,16865.26845850404,1712878.716009484
LETF_2x,2007-08-08T00:00:00,1.0,2007-08-08T00:00:00,1.0278414563159741,0,long,100000.0,0.027841456315974122,2784.1456315974124,417.62184473961184,2366.5237868578006,1715245.2397963416
LETF_2x,2007-08-24T00:00:00,1.0,2007-08-24T00:00:00,1.0246668141938844,0,long,100000.0,0.02466681419388439,2466.681419388439,370.0022129082658,2096.679206480173,1717341.919002822
LETF_2x,2007-08-31T00:00:00,1.0,2007-09-06T00:00:00,1.026833138208244,6,long,100000.0,0.026833138208244067,2683.313820824407,402.497073123661,2280.816747700746,1719622.7357505227
LETF_2x,2007-09-12T00:00:00,1.0,2007-11-06T00:00:00,1.0675817173469515,55,long,100000.0,0.06758171734695151,6758.171734695151,1013.7257602042725,5744.445974490878,1725367.1817250135
LETF_2x,2007-12-05T00:00:00,1.0,2007-12-10T00:00:00,1.0789512372768049,5,long,100000.0,0.07895123727680486,7895.123727680487,1184.268559152073,6710.855168528414,1732078.036893542
LETF_2x,2007-12-12T00:00:00,1.0,2007-12-13T00:00:00,1.0154289618605945,1,long,100000.0,0.015428961860594503,1542.8961860594504,231.43442790891754,1311.461758150533,1733389.4986516924
LETF_2x,2007-12-21T00:00:00,1.0,2007-12-26T00:00:00,1.0483162466758766,5,long,100000.0,0.04831624667587664,4831.624667587664,724.7437001381495,4106.880967449514,1737496.379619142
LETF_2x,2008-04-18T00:00:00,1.0,2008-05-22T00:00:00,1.033345180849061,34,long,100000.0,0.03334518084906102,3334.5180849061016,500.17771273591524,2834.3403721701866,1740330.7199913121
LETF_2x,2008-05-27T00:00:00,1.0,2008-06-02T00:00:00,1.017971702329238,6,long,100000.0,0.01797170232923806,1797.170232923806,269.5755349385709,1527.5946979852351,1741858.3146892975
LETF_2x,2008-06-05T00:00:00,1.0,2008-06-05T00:00:00,1.0399544475877136,0,long,100000.0,0.039954447587713604,3995.4447587713603,599.316713815704,3396.128044955656,1745254.4427342531
LETF_2x,2009-04-09T00:00:00,1.0,2009-04-13T00:00:00,1.0799069869165376,4,long,100000.0,0.07990698691653764,7990.6986916537635,1198.6048037480646,6792.093887905699,1752046.5366221587
LETF_2x,2009-04-15T00:00:00,1.0,2009-04-17T00:00:00,1.0652651216391216,2,long,100000.0,0.06526512163912157,6526.512163912157,978.9768245868236,5547.535339325334,1757594.0719614842
LETF_2x,2009-04-21T00:00:00,1.0,2009-04-21T00:00:00,1.0390349428953123,0,long,100000.0,0.039034942895312286,3903.494289531229,585.5241434296843,3317.9701461015447,1760912.0421075856
LETF_2x,2009-04-23T00:00:00,1.0,2009-07-06T00:00:00,1.1265410243496696,74,long,100000.0,0.12654102434966963,12654.102434966962,1898.1153652450444,10755.987069721918,1771668.0291773076
LETF_2x,2009-07-13T00:00:00,1.0,2010-01-28T00:00:00,1.5230517187713215,199,long,100000.0,0.5230517187713215,52305.171877132154,7845.775781569822,44459.39609556233,1816127.4252728699
LETF_2x,2010-02-01T00:00:00,1.0,2010-02-03T00:00:00,1.045414416611867,2,long,100000.0,0.04541441661186707,4541.441661186707,681.216249178006,3860.2254120087014,1819987.6506848785
LETF_2x,2010-02-11T00:00:00,1.0,2010-05-05T00:00:00,1.19420751518959,83,long,100000.0,0.1942075151895899,19420.75151895899,2913.1127278438485,16507.638791115143,1836495.2894759937
LETF_2x,2010-05-10T00:00:00,1.0,2010-05-13T00:00:00,1.0843436011382481,3,long,100000.0,0.08434360113824813,8434.360113824812,1265.154017073722,7169.206096751091,1843664.4955727449
LETF_2x,2010-07-23T00:00:00,1.0,2010-08-10T00:00:00,1.0525993284603061,18,long,100000.0,0.05259932846030613,5259.932846030612,788.9899269045918,4470.942919126021,1848135.4384918709
LETF_2x,2010-09-03T00:00:00,1.0,2010-09-03T00:00:00,1.0259034982406725,0,long,100000.0,0.025903498240672507,2590.3498240672507,388.5524736100876,2201.7973504571632,1850337.235842328
LETF_2x,2010-09-08T00:00:00,1.0,2011-06-02T00:00:00,1.4605218392545454,267,long,100000.0,0.4605218392545454,46052.183925454534,6907.82758881818,39144.35633663635,1889481.5921789645
LETF_2x,2011-06-28T00:00:00,1.0,2011-07-27T00:00:00,1.0389186814915439,29,long,100000.0,0.03891868149154387,3891.868149154387,583.780222373158,3308.087926781229,1892789.6801057458
LETF_2x,2011-10-14T00:00:00,1.0,2011-10-14T00:00:00,1.0341483516497825,0,long,100000.0,0.03414835164978247,3414.835164978247,512.225274746737,2902.6098902315102,1895692.2899959772
LETF_2x,2011-10-18T00:00:00,1.0,2011-10-18T00:00:00,1.0390520582895484,0,long,100000.0,0.039052058289548386,3905.2058289548386,585.7808743432257,3319.424954611613,1899011.7149505888
LETF_2x,2011-10-20T00:00:00,1.0,2011-10-31T00:00:00,1.0701686584961316,11,long,100000.0,0.07016865849613163,7016.865849613163,1052.5298774419743,5964.335972171189,1904976.05092276
LETF_2x,2011-11-02T00:00:00,1.0,2011-11-16T00:00:00,1.0307505153455727,14,long,100000.0,0.030750515345572715,3075.0515345572717,461.25773018359075,2613.793804373681,1907589.8447271336
LETF_2x,2011-11-30T00:00:00,1.0,2011-12-13T00:00:00,1.0472697576442445,13,long,100000.0,0.04726975764424446,4726.9757644244455,709.0463646636668,4017.929399760779,1911607.7741268943
LETF_2x,2011-12-20T00:00:00,1.0,2012-05-11T00:00:00,1.2697697711720273,143,long,100000.0,0.2697697711720273,26976.97711720273,4046.546567580409,22930.43054962232,1934538.2046765166
LETF_2x,2012-06-15T00:00:00,1.0,2012-06-20T00:00:00,1.0405749056091758,5,long,100000.0,0.04057490560917576,4057.490560917576,608.6235841376364,3448.8669767799397,1937987.0716532965
LETF_2x,2012-06-22T00:00:00,1.0,2012-06-22T00:00:00,1.0153635189106935,0,long,100000.0,0.015363518910693541,1536.351891069354,230.4527836604031,1305.8991074089508,1939292.9707607054
LETF_2x,2012-06-27T00:00:00,1.0,2012-06-27T00:00:00,1.0179933527691596,0,long,100000.0,0.017993352769159587,1799.3352769159587,269.9002915373938,1529.434985378565,1940822.405746084
LETF_2x,2012-06-29T00:00:00,1.0,2012-11-06T00:00:00,1.1614821244065765,130,long,100000.0,0.1614821244065765,16148.21244065765,2422.2318660986475,13725.980574559002,1954548.386320643
LETF_2x,2012-11-23T00:00:00,1.0,2014-01-31T00:00:00,1.677645730610868,434,long,100000.0,0.6776457306108681,67764.5730610868,10164.68595916302,57599.887101923785,2012148.2734225667
LETF_2x,2014-02-06T00:00:00,1.0,2014-08-06T00:00:00,1.212757291284818,181,long,100000.0,0.2127572912848179,21275.72912848179,3191.3593692722684,18084.369759209523,2030232.6431817762
LETF_2x,2014-08-08T00:00:00,1.0,2014-09-30T00:00:00,1.0709667993002112,53,long,100000.0,0.07096679930021121,7096.679930021121,1064.5019895031683,6032.177940517953,2036264.821122294
LETF_2x,2014-10-03T00:00:00,1.0,2014-10-06T00:00:00,1.0195463132858613,3,long,100000.0,0.019546313285861316,1954.6313285861315,293.1946992879197,1661.4366292982118,2037926.2577515922
LETF_2x,2014-10-08T00:00:00,1.0,2014-10-08T00:00:00,1.0349391025174086,0,long,100000.0,0.034939102517408616,3493.9102517408614,524.0865377611292,2969.823713979732,2040896.081465572
LETF_2x,2014-10-21T00:00:00,1.0,2014-10-21T00:00:00,1.0395819674871765,0,long,100000.0,0.03958196748717646,3958.196748717646,593.7295123076469,3364.4672364099993,2044260.5487019818
LETF_2x,2014-10-23T00:00:00,1.0,2014-12-15T00:00:00,1.0689471349772899,53,long,100000.0,0.06894713497728988,6894.713497728988,1034.2070246593482,5860.5064730696395,2050121.0551750513
LETF_2x,2014-12-17T00:00:00,1.0,2015-01-14T00:00:00,1.0383242920893618,28,long,100000.0,0.03832429208936183,3832.4292089361834,574.8643813404275,3257.564827595756,2053378.6200026472
LETF_2x,2015-01-16T00:00:00,1.0,2015-01-27T00:00:00,1.0367959082736433,11,long,100000.0,0.03679590827364332,3679.5908273643317,551.9386241046498,3127.652203259682,2056506.272205907
LETF_2x,2015-01-29T00:00:00,1.0,2015-01-29T00:00:00,1.0184473765195199,0,long,100000.0,0.018447376519519887,1844.7376519519887,276.7106477927983,1568.0270041591905,2058074.2992100662
LETF_2x,2015-02-02T00:00:00,1.0,2015-06-26T00:00:00,1.1186872645772363,144,long,100000.0,0.11868726457723633,11868.726457723633,1780.308968658545,10088.417489065088,2068162.7166991313
LETF_2x,2015-07-07T00:00:00,1.0,2015-07-07T00:00:00,1.012927850241473,0,long,100000.0,0.012927850241472916,1292.7850241472916,193.91775362209373,1098.867270525198,2069261.5839696566
LETF_2x,2015-07-13T00:00:00,1.0,2015-07-23T00:00:00,1.0251821690182215,10,long,100000.0,0.025182169018221456,2518.2169018221457,377.73253527332184,2140.484366548824,2071402.0683362053
LETF_2x,2015-07-28T00:00:00,1.0,2015-08-05T00:00:00,1.032244385163739,8,long,100000.0,0.032244385163739064,3224.4385163739066,483.66577745608595,2740.772738917821,2074142.841075123
LETF_2x,2015-08-10T00:00:00,1.0,2015-08-18T00:00:00,1.0188307745179115,8,long,100000.0,0.018830774517911486,1883.0774517911486,282.4616177686723,1600.6158340224763,2075743.4569091455
LETF_2x,2015-10-08T00:00:00,1.0,2015-10-12T00:00:00,1.0210706670004552,4,long,100000.0,0.021070667000455234,2107.0667000455232,316.0600050068285,1791.0066950386947,2077534.463604184
LETF_2x,2015-10-15T00:00:00,1.0,2015-11-12T00:00:00,1.0542154343989052,28,long,100000.0,0.05421543439890519,5421.543439890519,813.2315159835779,4608.311923906941,2082142.775528091
LETF_2x,2015-11-16T00:00:00,1.0,2015-12-10T00:00:00,1.030952273321897,24,long,100000.0,0.030952273321896984,3095.2273321896982,464.2840998284547,2630.9432323612436,2084773.7187604522
LETF_2x,2015-12-15T00:00:00,1.0,2015-12-17T00:00:00,1.018726584020395,2,long,100000.0,0.018726584020394954,1872.6584020394955,280.8987603059243,1591.7596417335712,2086365.4784021857
LETF_2x,2015-12-22T00:00:00,1.0,2015-12-31T00:00:00,1.0211399973645727,9,long,100000.0,0.021139997364572727,2113.999736457273,317.0999604685909,1796.899775988682,2088162.3781781744
LETF_2x,2016-03-01T00:00:00,1.0,2016-06-23T00:00:00,1.2028687456604907,114,long,100000.0,0.20286874566049073,20286.874566049075,3043.031184907361,17243.843381141713,2105406.221559316
LETF_2x,2016-06-29T00:00:00,1.0,2016-10-14T00:00:00,1.1044445238682885,107,long,100000.0,0.10444452386828851,10444.45238682885,1566.6678580243276,8877.784528804523,2114284.0060881204
LETF_2x,2016-10-18T00:00:00,1.0,2016-10-27T00:00:00,1.0070431763142271,9,long,100000.0,0.007043176314227129,704.3176314227129,105.64764471340693,598.6699867093059,2114882.67607483
LETF_2x,2016-11-07T00:00:00,1.0,2018-02-02T00:00:00,1.7987106693349542,452,long,100000.0,0.7987106693349542,79871.06693349541,11980.660040024311,67890.40689347111,2182773.082968301
LETF_2x,2018-02-06T00:00:00,1.0,2018-02-07T00:00:00,1.0280465869544355,1,long,100000.0,0.028046586954435515,2804.6586954435516,420.69880431653274,2383.9598911270186,2185157.042859428
LETF_2x,2018-02-12T00:00:00,1.0,2018-03-21T00:00:00,1.0744919004923925,37,long,100000.0,0.07449190049239252,7449.1900492392515,1117.3785073858876,6331.811541853363,2191488.8544012816
LETF_2x,2018-04-12T00:00:00,1.0,2018-04-12T00:00:00,1.016414669902464,0,long,100000.0,0.016414669902464096,1641.4669902464095,246.22004853696143,1395.246941709448,2192884.101342991
LETF_2x,2018-04-16T00:00:00,1.0,2018-04-23T00:00:00,1.0102130514259215,7,long,100000.0,0.010213051425921549,1021.3051425921549,153.19577138882323,868.1093712033316,2193752.2107141945
LETF_2x,2018-04-26T00:00:00,1.0,2018-04-27T00:00:00,1.0221669642647089,1,long,100000.0,0.022166964264708877,2216.6964264708877,332.50446397063314,1884.1919625002545,2195636.4026766946
LETF_2x,2018-05-04T00:00:00,1.0,2018-10-09T00:00:00,1.2106066859777675,158,long,100000.0,0.21060668597776755,21060.668597776756,3159.100289666513,17901.568308110243,2213537.970984805
LETF_2x,2018-11-07T00:00:00,1.0,2018-11-08T00:00:00,1.0389515788372345,1,long,100000.0,0.038951578837234546,3895.1578837234547,584.2736825585182,3310.8842011649367,2216848.8551859697
LETF_2x,2018-12-03T00:00:00,1.0,2018-12-03T00:00:00,1.0264431761585755,0,long,100000.0,0.0264431761585755,2644.3176158575498,396.64764237863244,2247.669973478917,2219096.525159449
LETF_2x,2019-01-18T00:00:00,1.0,2019-01-18T00:00:00,1.026580335713646,0,long,100000.0,0.02658033571364604,2658.033571364604,398.7050357046906,2259.3285356599135,2221355.8536951086
LETF_2x,2019-01-30T00:00:00,1.0,2019-05-24T00:00:00,1.1542208634811975,114,long,100000.0,0.15422086348119746,15422.086348119745,2313.3129522179615,13108.773395901782,2234464.6270910106
LETF_2x,2019-06-04T00:00:00,1.0,2019-08-02T00:00:00,1.1428832485243958,59,long,100000.0,0.14288324852439582,14288.324852439582,2143.2487278659373,12145.076124573645,2246609.703215584
LETF_2x,2019-08-08T00:00:00,1.0,2019-08-09T00:00:00,1.0250021971769212,1,long,100000.0,0.025002197176921204,2500.2197176921204,375.0329576538181,2125.1867600383025,2248734.8899756223
LETF_2x,2019-08-13T00:00:00,1.0,2019-08-13T00:00:00,1.0310638686808022,0,long,100000.0,0.031063868680802242,3106.3868680802243,465.95803021203363,2640.428837868191,2251375.3188134907
LETF_2x,2019-08-16T00:00:00,1.0,2019-08-22T00:00:00,1.054194282152959,6,long,100000.0,0.05419428215295907,5419.428215295908,812.9142322943861,4606.513983001521,2255981.832796492
LETF_2x,2019-08-28T00:00:00,1.0,2019-10-01T00:00:00,1.0526399028206759,34,long,100000.0,0.05263990282067588,5263.990282067588,789.5985423101382,4474.39173975745,2260456.2245362494
LETF_2x,2019-10-04T00:00:00,1.0,2019-10-07T00:00:00,1.0181214313933238,3,long,100000.0,0.018121431393323784,1812.1431393323783,271.8214708998567,1540.3216684325216,2261996.546204682
LETF_2x,2019-10-09T00:00:00,1.0,2020-02-24T00:00:00,1.2508162072622206,138,long,100000.0,0.25081620726222065,25081.620726222063,3762.2431089333095,21319.377617288752,2283315.923821971
LETF_2x,2020-04-29T00:00:00,1.0,2020-04-30T00:00:00,1.0326799859650864,1,long,100000.0,0.03267998596508637,3267.9985965086366,490.19978947629545,2777.7988070323413,2286093.722629003
LETF_2x,2020-05-08T00:00:00,1.0,2020-05-11T00:00:00,1.0334355515360947,3,long,100000.0,0.033435551536094676,3343.5551536094677,501.5332730414201,2842.0218805680474,2288935.744509571
LETF_2x,2020-05-18T00:00:00,1.0,2020-10-27T00:00:00,1.387510068933398,162,long,100000.0,0.3875100689333979,38751.00689333979,5812.651034000969,32938.35585933882,2321874.10036891
LETF_2x,2020-10-29T00:00:00,1.0,2020-10-29T00:00:00,1.020287262907748,0,long,100000.0,0.02028726290774796,2028.726290774796,304.3089436162194,1724.4173471585768,2323598.517716069
LETF_2x,2020-11-02T00:00:00,1.0,2021-09-29T00:00:00,1.7771848951777305,331,long,100000.0,0.7771848951777305,77718.48951777305,11657.773427665958,66060.71609010709,2389659.2338061756
LETF_2x,2021-10-01T00:00:00,1.0,2021-10-01T00:00:00,1.0237287846270056,0,long,100000.0,0.02372878462700556,2372.878462700556,355.9317694050834,2016.9466932954729,2391676.1804994713
LETF_2x,2021-10-05T00:00:00,1.0,2022-01-18T00:00:00,1.1325065180930232,105,long,100000.0,0.13250651809302316,13250.651809302317,1987.5977713953475,11263.05403790697,2402939.2345373784
LETF_2x,2022-02-01T00:00:00,1.0,2022-02-02T00:00:00,1.0331238850875677,1,long,100000.0,0.033123885087567695,3312.3885087567696,496.85827631351543,2815.530232443254,2405754.764769822
LETF_2x,2022-02-09T00:00:00,1.0,2022-02-09T00:00:00,1.0292325044475217,0,long,100000.0,0.02923250444752168,2923.250444752168,438.4875667128252,2484.7628780393425,2408239.5276478613
LETF_2x,2022-03-18T00:00:00,1.0,2022-04-08T00:00:00,1.033794766129362,21,long,100000.0,0.03379476612936205,3379.476612936205,506.92149194043077,2872.5551209957744,2411112.082768857
LETF_2x,2022-04-19T00:00:00,1.0,2022-04-19T00:00:00,1.0322456338066248,0,long,100000.0,0.03224563380662482,3224.563380662482,483.68450709937224,2740.8788735631097,2413852.96164242
LETF_2x,2022-07-28T00:00:00,1.0,2022-08-25T00:00:00,1.0908124387798224,28,long,100000.0,0.09081243877982237,9081.243877982237,1362.1865816973354,7719.057296284902,2421572.018938705
LETF_2x,2022-09-12T00:00:00,1.0,2022-09-12T00:00:00,1.0214556445630716,0,long,100000.0,0.021455644563071585,2145.5644563071587,321.8346684460738,1823.7297878610848,2423395.748726566
LETF_2x,2022-11-10T00:00:00,1.0,2022-12-14T00:00:00,1.13238945003423,34,long,100000.0,0.13238945003422997,13238.945003422998,1985.8417505134496,11253.103252909548,2434648.8519794755
LETF_2x,2023-01-10T00:00:00,1.0,2023-01-18T00:00:00,1.0180614707758062,8,long,100000.0,0.01806147077580622,1806.1470775806222,270.9220616370933,1535.225015943529,2436184.076995419
LETF_2x,2023-01-20T00:00:00,1.0,2023-02-28T00:00:00,1.035634891140702,39,long,100000.0,0.03563489114070206,3563.489114070206,534.5233671105309,3028.965746959675,2439213.0427423785
LETF_2x,2023-03-02T00:00:00,1.0,2023-03-08T00:00:00,1.020523013723889,6,long,100000.0,0.020523013723888983,2052.3013723888985,307.84520585833474,1744.4561665305637,2440957.498908909
LETF_2x,2023-03-16T00:00:00,1.0,2023-03-16T00:00:00,1.0350507408058747,0,long,100000.0,0.03505074080587467,3505.074080587467,525.7611120881201,2979.312968499347,2443936.8118774085
LETF_2x,2023-03-21T00:00:00,1.0,2023-03-21T00:00:00,1.0262213018662736,0,long,100000.0,0.026221301866273583,2622.1301866273584,393.31952799410374,2228.8106586332547,2446165.622536042
LETF_2x,2023-03-24T00:00:00,1.0,2023-09-20T00:00:00,1.2489180717875443,180,long,100000.0,0.24891807178754433,24891.807178754432,3733.7710768131647,21158.036101941267,2467323.6586379833
LETF_2x,2023-10-10T00:00:00,1.0,2023-10-12T00:00:00,1.0061472453273277,2,long,100000.0,0.006147245327327688,614.7245327327688,92.20867990991532,522.5158528228535,2467846.174490806
LETF_2x,2023-10-16T00:00:00,1.0,2023-10-17T00:00:00,1.0208690137322396,1,long,100000.0,0.020869013732239594,2086.9013732239596,313.0352059835939,1773.8661672403657,2469620.0406580465
LETF_2x,2023-11-02T00:00:00,1.0,2024-08-02T00:00:00,1.5949941643159669,274,long,100000.0,0.5949941643159669,59499.416431596685,8924.912464739502,50574.503966857184,2520194.5446249037
LETF_2x,2024-08-08T00:00:00,1.0,2025-02-26T00:00:00,1.3115296110779513,202,long,100000.0,0.3115296110779513,31152.96110779513,4672.944166169269,26480.01694162586,2546674.56156653
LETF_2x,2025-02-28T00:00:00,1.0,2025-02-28T00:00:00,1.0311713250662307,0,long,100000.0,0.03117132506623066,3117.132506623066,467.5698759934599,2649.5626306296062,2549324.1241971594
LETF_2x,2025-05-02T00:00:00,1.0,2025-05-02T00:00:00,1.0296485728725624,0,long,100000.0,0.029648572872562395,2964.8572872562395,444.7285930884359,2520.1286941678036,2551844.2528913273
LETF_2x,2025-05-08T00:00:00,1.0,2025-05-08T00:00:00,1.0138959852851113,0,long,100000.0,0.013895985285111268,1389.5985285111267,208.439779276669,1181.1587492344577,2553025.4116405617
LETF_2x,2025-05-12T00:00:00,1.0,2026-03-05T00:00:00,1.4546889768904407,297,long,100000.0,0.45468897689044074,45468.897689044075,6820.334653356611,38648.56303568746,2591673.974676249
LETF_2x,2026-03-09T00:00:00,1.0,2026-03-10T00:00:00,1.01416955449869,1,long,100000.0,0.014169554498689951,1416.9554498689952,212.54331748034926,1204.412132388646,2592878.3868086375
LETF_2x,2026-04-08T00:00:00,1.0,2026-04-14T00:00:00,1.1085702357977691,6,long,100000.0,0.10857023579776914,10857.023579776915,1628.5535369665372,9228.470042810377,2602106.856851448
