leg,entry_date,exit_date,hold_days,weight,entry_price,exit_price,gross_ret_pct,leveraged_ret_pct,split
GLD,2001-05-14,2001-11-13,183,1.0,,,0.0,0.0,IS
QQQ,2001-11-06,2002-01-16,71,1.0,38.19,38.78,1.5449,3.0898,IS
SPY,2001-11-13,2001-11-28,15,1.0,114.55,113.34,-1.0563,-2.1126,IS
GLD,2001-11-28,2001-11-29,1,0.5,,,0.0,0.0,IS
SPY,2001-11-29,2001-12-03,4,1.0,114.87,113.37,-1.3058,-2.6116,IS
GLD,2001-12-03,2001-12-04,1,0.5,,,0.0,0.0,IS
SPY,2001-12-04,2001-12-13,9,1.0,115.29,112.06,-2.8016,-5.6033,IS
GLD,2001-12-13,2001-12-17,4,0.5,,,0.0,0.0,IS
SPY,2001-12-17,2002-01-14,28,1.0,114.3,114.22,-0.07,-0.14,IS
GLD,2002-01-14,2002-01-15,1,0.5,,,0.0,0.0,IS
SPY,2002-01-15,2002-01-16,1,1.0,115.15,112.82,-2.0234,-4.0469,IS
GLD,2002-01-16,2002-03-08,51,1.0,,,0.0,0.0,IS
QQQ,2002-01-17,2002-01-18,1,1.0,39.65,38.59,-2.6734,-5.3468,IS
QQQ,2002-01-28,2002-01-29,1,1.0,39.05,37.98,-2.7401,-5.4802,IS
SPY,2002-03-01,2002-03-25,24,1.0,113.74,113.61,-0.1143,-0.2286,IS
QQQ,2002-03-08,2002-03-13,5,1.0,38.67,37.08,-4.1117,-8.2234,IS
GLD,2002-03-13,2002-11-05,237,0.5,,,0.0,0.0,IS
SPY,2002-03-26,2002-04-03,8,1.0,114.27,113.14,-0.9889,-1.9778,IS
QQQ,2002-10-25,2002-10-28,3,1.0,24.7,24.49,-0.8502,-1.7004,IS
QQQ,2002-11-01,2002-11-11,10,1.0,25.25,24.31,-3.7228,-7.4455,IS
SPY,2002-11-05,2002-11-07,2,1.0,91.85,90.76,-1.1867,-2.3734,IS
GLD,2002-11-07,2002-11-15,8,0.5,,,0.0,0.0,IS
QQQ,2002-11-12,2002-12-09,27,1.0,24.93,25.22,1.1633,2.3265,IS
SPY,2002-11-15,2002-11-18,3,1.0,91.4,90.48,-1.0066,-2.0131,IS
GLD,2002-11-18,2002-11-20,2,0.5,,,0.0,0.0,IS
SPY,2002-11-20,2002-12-05,15,1.0,92.37,91.43,-1.0176,-2.0353,IS
GLD,2002-12-05,2002-12-06,1,0.5,,,0.0,0.0,IS
SPY,2002-12-06,2002-12-09,3,1.0,92.03,89.5,-2.7491,-5.4982,IS
GLD,2002-12-09,2002-12-16,7,1.0,,,0.0,0.0,IS
QQQ,2002-12-10,2002-12-13,3,1.0,25.6,25.04,-2.1875,-4.375,IS
QQQ,2002-12-16,2002-12-18,2,1.0,25.85,25.38,-1.8182,-3.6364,IS
SPY,2002-12-16,2002-12-17,1,1.0,91.65,90.85,-0.8729,-1.7458,IS
GLD,2002-12-17,2003-01-02,16,0.5,,,0.0,0.0,IS
QQQ,2002-12-23,2002-12-24,1,1.0,25.67,25.35,-1.2466,-2.4932,IS
QQQ,2003-01-02,2003-01-17,15,1.0,25.4,25.31,-0.3543,-0.7087,IS
SPY,2003-01-02,2003-01-17,15,1.0,91.07,90.66,-0.4502,-0.9004,IS
GLD,2003-01-17,2003-03-19,61,1.0,,,0.0,0.0,IS
QQQ,2003-02-18,2003-02-19,1,1.0,25.25,25.08,-0.6733,-1.3465,IS
QQQ,2003-03-13,2003-03-31,18,1.0,25.62,25.25,-1.4442,-2.8884,IS
SPY,2003-03-19,2003-03-24,5,1.0,87.96,86.69,-1.4438,-2.8877,IS
GLD,2003-03-24,2003-04-02,9,0.5,,,0.0,0.0,IS
QQQ,2003-04-01,2004-03-08,342,1.0,25.45,35.77,40.5501,81.1002,IS
SPY,2003-04-02,2003-04-09,7,1.0,88.12,87.03,-1.237,-2.4739,IS
GLD,2003-04-09,2003-04-10,1,0.5,,,0.0,0.0,IS
SPY,2003-04-10,2003-04-11,1,1.0,87.51,87.15,-0.4114,-0.8228,IS
GLD,2003-04-11,2003-04-14,3,0.5,,,0.0,0.0,IS
SPY,2003-04-14,2004-03-22,343,1.0,88.95,109.65,23.2715,46.543,IS
GLD,2004-03-08,2004-03-29,21,0.5,,,0.0,0.0,IS
SPY,2004-03-25,2004-04-30,36,1.0,111.0,110.96,-0.036,-0.0721,IS
QQQ,2004-03-29,2004-04-20,22,1.0,35.79,35.68,-0.3073,-0.6147,IS
GLD,2004-04-20,2004-04-21,1,0.5,,,0.0,0.0,IS
QQQ,2004-04-21,2004-04-29,8,1.0,35.99,35.64,-0.9725,-1.945,IS
GLD,2004-04-29,2004-05-25,26,0.5,,,0.0,0.0,IS
SPY,2004-05-03,2004-05-06,3,1.0,112.15,111.81,-0.3032,-0.6063,IS
QQQ,2004-05-25,2004-07-06,42,1.0,35.96,36.03,0.1947,0.3893,IS
SPY,2004-05-25,2004-07-06,42,1.0,111.85,111.89,0.0358,0.0715,IS
GLD,2004-07-06,2004-09-10,66,1.0,,,0.0,0.0,IS
SPY,2004-08-25,2004-08-30,5,1.0,111.1,110.53,-0.5131,-1.0261,IS
SPY,2004-08-31,2004-09-23,23,1.0,111.11,110.95,-0.144,-0.288,IS
QQQ,2004-09-10,2004-09-22,12,1.0,35.12,34.95,-0.4841,-0.9681,IS
GLD,2004-09-22,2004-09-29,7,0.5,,,0.0,0.0,IS
SPY,2004-09-24,2004-09-27,3,1.0,111.46,110.75,-0.637,-1.274,IS
QQQ,2004-09-29,2005-01-20,113,1.0,35.08,37.35,6.4709,12.9418,IS
SPY,2004-09-29,2004-10-13,14,1.0,111.84,111.54,-0.2682,-0.5365,IS
GLD,2004-10-13,2004-10-27,14,0.5,,,0.0,0.0,IS
SPY,2004-10-27,2005-03-21,145,1.0,112.88,118.1,4.6244,9.2488,IS
GLD,2005-01-20,2005-02-04,15,0.5,42.25,41.47,-1.8462,-1.8462,IS
QQQ,2005-02-04,2005-02-07,3,1.0,37.75,37.674,-0.2013,-0.4026,IS
GLD,2005-02-07,2005-02-08,1,0.5,41.27,41.26,-0.0242,-0.0242,IS
QQQ,2005-02-08,2005-02-09,1,1.0,37.74,37.11,-1.6693,-3.3386,IS
GLD,2005-02-09,2005-02-11,2,0.5,41.31,42.08,1.864,1.864,IS
QQQ,2005-02-11,2005-02-17,6,1.0,37.7,37.47,-0.6101,-1.2202,IS
GLD,2005-02-17,2005-03-07,18,0.5,42.73,43.47,1.7318,1.7318,IS
QQQ,2005-03-07,2005-03-09,2,1.0,38.06,37.57,-1.2874,-2.5749,IS
GLD,2005-03-09,2005-05-17,69,0.5,44.02,41.86,-4.9069,-4.9069,IS
SPY,2005-04-06,2005-04-08,2,1.0,118.6,118.0,-0.5059,-1.0118,IS
SPY,2005-04-12,2005-04-13,1,1.0,118.7,117.3,-1.1794,-2.3589,IS
SPY,2005-05-09,2005-05-10,1,1.0,117.82,116.6,-1.0355,-2.071,IS
QQQ,2005-05-17,2005-06-24,38,1.0,36.7,36.97,0.7357,1.4714,IS
SPY,2005-05-17,2005-08-26,101,1.0,117.58,120.76,2.7045,5.4091,IS
GLD,2005-06-24,2005-06-28,4,0.5,43.9,43.45,-1.0251,-1.0251,IS
QQQ,2005-06-28,2005-06-29,1,1.0,37.15,37.068,-0.2207,-0.4415,IS
GLD,2005-06-29,2005-07-05,6,0.5,43.63,42.28,-3.0942,-3.0942,IS
QQQ,2005-07-05,2005-07-06,1,1.0,37.11,36.93,-0.485,-0.9701,IS
GLD,2005-07-06,2005-07-08,2,0.5,42.25,42.26,0.0237,0.0237,IS
QQQ,2005-07-08,2005-10-06,90,1.0,37.77,38.25,1.2708,2.5417,IS
GLD,2005-08-26,2005-08-29,3,0.5,43.61,43.57,-0.0917,-0.0917,IS
SPY,2005-08-29,2005-09-21,23,1.0,121.69,120.91,-0.641,-1.2819,IS
GLD,2005-09-21,2005-09-26,5,0.5,47.06,46.57,-1.0412,-1.0412,IS
SPY,2005-09-26,2005-10-04,8,1.0,121.58,121.22,-0.2961,-0.5922,IS
GLD,2005-10-04,2005-11-02,29,0.5,46.45,46.13,-0.6889,-0.6889,IS
QQQ,2005-10-19,2005-10-20,1,1.0,38.67,38.306,-0.9413,-1.8826,IS
QQQ,2005-10-21,2005-10-27,6,1.0,38.55,38.03,-1.3489,-2.6978,IS
QQQ,2005-10-31,2006-02-07,99,1.0,38.87,40.63,4.5279,9.0558,IS
SPY,2005-11-02,2006-05-17,196,1.0,121.75,126.85,4.1889,8.3778,IS
GLD,2006-02-07,2006-02-08,1,0.5,54.6,54.83,0.4212,0.4212,IS
QQQ,2006-02-08,2006-02-09,1,1.0,41.1,40.71,-0.9489,-1.8978,IS
GLD,2006-02-09,2006-02-10,1,0.5,56.18,54.79,-2.4742,-2.4742,IS
QQQ,2006-02-10,2006-02-13,3,1.0,40.96,40.49,-1.1475,-2.2949,IS
GLD,2006-02-13,2006-02-14,1,0.5,53.72,54.49,1.4334,1.4334,IS
QQQ,2006-02-14,2006-02-21,7,1.0,40.9,40.75,-0.3667,-0.7335,IS
GLD,2006-02-21,2006-02-22,1,0.5,55.12,55.34,0.3991,0.3991,IS
QQQ,2006-02-22,2006-03-07,13,1.0,41.26,40.85,-0.9937,-1.9874,IS
GLD,2006-03-07,2006-03-14,7,0.5,54.95,54.87,-0.1456,-0.1456,IS
QQQ,2006-03-14,2006-05-11,58,1.0,41.37,40.74,-1.5228,-3.0457,IS
GLD,2006-05-11,2006-08-16,97,0.5,71.03,62.49,-12.0231,-12.0231,IS
SPY,2006-06-01,2006-06-05,4,1.0,128.73,127.12,-1.2507,-2.5013,IS
SPY,2006-07-03,2006-07-05,2,1.0,127.8,127.07,-0.5712,-1.1424,IS
SPY,2006-07-06,2006-07-07,1,1.0,127.44,126.61,-0.6513,-1.3026,IS
SPY,2006-07-11,2006-07-12,1,1.0,127.41,126.05,-1.0674,-2.1348,IS
SPY,2006-07-28,2006-08-09,12,1.0,127.98,126.98,-0.7814,-1.5627,IS
SPY,2006-08-10,2006-08-11,1,1.0,127.37,127.01,-0.2826,-0.5653,IS
SPY,2006-08-14,2007-02-27,197,1.0,127.11,139.5,9.7475,19.4949,IS
QQQ,2006-08-16,2006-08-21,5,1.0,38.58,38.42,-0.4147,-0.8294,IS
GLD,2006-08-21,2006-08-28,7,0.5,62.44,61.0,-2.3062,-2.3062,IS
QQQ,2006-08-28,2006-09-07,10,1.0,38.61,38.4799,-0.337,-0.6739,IS
GLD,2006-09-07,2006-09-08,1,0.5,61.25,60.64,-0.9959,-0.9959,IS
QQQ,2006-09-08,2007-02-27,172,1.0,38.72,43.19,11.5444,23.0888,IS
GLD,2007-02-27,2007-02-28,1,1.0,65.41,66.48,1.6358,1.6358,IS
QQQ,2007-02-28,2007-03-01,1,1.0,43.33,43.13,-0.4616,-0.9231,IS
SPY,2007-02-28,2007-03-02,2,1.0,140.93,138.67,-1.6036,-3.2073,IS
GLD,2007-03-01,2007-03-12,11,0.5,65.82,64.37,-2.203,-2.203,IS
SPY,2007-03-08,2007-03-13,5,1.0,140.74,138.25,-1.7692,-3.5384,IS
QQQ,2007-03-12,2007-03-13,1,1.0,43.21,42.37,-1.944,-3.888,IS
GLD,2007-03-13,2007-03-20,7,1.0,63.72,65.27,2.4325,2.4325,IS
QQQ,2007-03-19,2007-08-14,148,1.0,43.27,46.79,8.135,16.2699,IS
SPY,2007-03-20,2007-07-26,128,1.0,140.97,148.02,5.0011,10.0021,IS
GLD,2007-07-26,2007-08-08,13,0.5,65.65,66.77,1.706,1.706,IS
SPY,2007-08-08,2007-08-09,1,1.0,149.83,145.39,-2.9634,-5.9267,IS
GLD,2007-08-09,2007-08-24,15,0.5,65.46,66.11,0.993,0.993,IS
QQQ,2007-08-21,2007-08-28,7,1.0,47.02,46.74,-0.5955,-1.191,IS
SPY,2007-08-24,2007-08-27,3,1.0,148.33,146.95,-0.9304,-1.8607,IS
GLD,2007-08-27,2007-09-04,8,0.5,65.98,67.44,2.2128,2.2128,IS
QQQ,2007-08-29,2007-11-09,72,1.0,48.08,50.0,3.9933,7.9867,IS
SPY,2007-09-04,2007-09-05,1,1.0,149.08,147.79,-0.8653,-1.7306,IS
GLD,2007-09-05,2007-09-06,1,0.5,67.56,68.86,1.9242,1.9242,IS
SPY,2007-09-06,2007-09-07,1,1.0,148.13,146.07,-1.3907,-2.7813,IS
GLD,2007-09-07,2007-09-12,5,0.5,69.39,70.46,1.542,1.542,IS
SPY,2007-09-12,2007-10-19,37,1.0,147.87,149.67,1.2173,2.4346,IS
GLD,2007-10-19,2007-10-22,3,0.5,75.7,74.6,-1.4531,-1.4531,IS
SPY,2007-10-22,2007-11-05,14,1.0,150.54,150.05,-0.3255,-0.651,IS
GLD,2007-11-05,2007-11-06,1,0.5,79.75,81.43,2.1066,2.1066,IS
SPY,2007-11-06,2007-11-07,1,1.0,152.07,147.91,-2.7356,-5.4712,IS
GLD,2007-11-07,2007-12-06,29,0.5,82.24,79.37,-3.4898,-3.4898,IS
QQQ,2007-11-13,2007-11-14,1,1.0,50.74,50.09,-1.281,-2.5621,IS
QQQ,2007-11-28,2007-12-17,19,1.0,51.48,49.73,-3.3994,-6.7988,IS
SPY,2007-12-06,2007-12-11,5,1.0,150.94,147.91,-2.0074,-4.0148,IS
GLD,2007-12-11,2007-12-12,1,0.5,78.84,80.49,2.0928,2.0928,IS
SPY,2007-12-12,2007-12-13,1,1.0,149.37,149.06,-0.2075,-0.4151,IS
GLD,2007-12-13,2007-12-24,11,0.5,78.5,80.14,2.0892,2.0892,IS
QQQ,2007-12-20,2008-01-02,13,1.0,50.9,50.45,-0.8841,-1.7682,IS
SPY,2007-12-24,2007-12-27,3,1.0,149.23,147.67,-1.0454,-2.0907,IS
GLD,2007-12-27,2008-04-18,113,0.5,81.56,90.62,11.1084,11.1084,IS
QQQ,2008-04-18,2008-06-20,63,1.0,46.71,47.42,1.52,3.04,IS
SPY,2008-04-18,2008-04-22,4,1.0,138.48,137.94,-0.3899,-0.7799,IS
GLD,2008-04-22,2008-04-24,2,0.5,90.27,87.22,-3.3788,-3.3788,IS
SPY,2008-04-24,2008-05-23,29,1.0,138.32,137.64,-0.4916,-0.9832,IS
GLD,2008-05-23,2008-05-28,5,0.5,91.23,89.14,-2.2909,-2.2909,IS
SPY,2008-05-28,2008-06-03,6,1.0,139.3,138.09,-0.8686,-1.7373,IS
GLD,2008-06-03,2008-06-05,2,0.5,86.88,86.45,-0.4949,-0.4949,IS
SPY,2008-06-05,2008-06-06,1,1.0,140.78,136.29,-3.1894,-6.3788,IS
GLD,2008-06-06,2009-04-09,307,0.5,89.06,86.31,-3.0878,-3.0878,IS
QQQ,2008-06-25,2008-06-26,1,1.0,47.57,45.65,-4.0362,-8.0723,IS
QQQ,2008-08-06,2008-08-07,1,1.0,46.63,46.27,-0.772,-1.5441,IS
QQQ,2008-08-08,2008-08-25,17,1.0,47.32,46.49,-1.754,-3.508,IS
QQQ,2008-08-27,2008-08-29,2,1.0,46.73,46.12,-1.3054,-2.6107,IS
QQQ,2009-03-23,2009-03-24,1,1.0,30.9,30.33,-1.8447,-3.6893,IS
QQQ,2009-03-26,2009-03-30,4,1.0,31.41,30.06,-4.298,-8.596,IS
QQQ,2009-04-01,2010-01-29,303,1.0,30.77,42.79,39.064,78.128,IS
SPY,2009-04-09,2009-04-14,5,1.0,85.81,84.35,-1.7014,-3.4029,IS
GLD,2009-04-14,2009-04-16,2,0.5,87.37,85.81,-1.7855,-1.7855,IS
SPY,2009-04-16,2009-04-20,4,1.0,86.5,83.43,-3.5491,-7.0983,IS
GLD,2009-04-20,2009-04-24,4,0.5,86.95,89.72,3.1857,3.1857,IS
SPY,2009-04-24,2009-07-07,74,1.0,86.66,88.06,1.6155,3.231,IS
GLD,2009-07-07,2009-07-13,6,0.5,90.71,90.19,-0.5733,-0.5733,IS
SPY,2009-07-13,2010-01-29,200,1.0,90.1,107.39,19.1898,38.3796,IS
GLD,2010-01-29,2010-02-02,4,1.0,105.96,109.13,2.9917,2.9917,IS
SPY,2010-02-01,2010-02-04,3,1.0,109.06,106.44,-2.4023,-4.8047,IS
QQQ,2010-02-02,2010-02-04,2,1.0,43.65,42.62,-2.3597,-4.7194,IS
GLD,2010-02-04,2010-02-16,12,1.0,104.37,109.62,5.0302,5.0302,IS
QQQ,2010-02-11,2010-05-06,84,1.0,43.67,46.57,6.6407,13.2814,IS
SPY,2010-02-16,2010-05-06,79,1.0,109.74,112.94,2.916,5.832,IS
GLD,2010-05-06,2010-05-10,4,1.0,118.486,117.57,-0.7731,-0.7731,IS
QQQ,2010-05-10,2010-05-18,8,1.0,47.77,46.43,-2.8051,-5.6102,IS
SPY,2010-05-10,2010-05-14,4,1.0,116.16,113.89,-1.9542,-3.9084,IS
GLD,2010-05-14,2010-07-26,73,0.5,120.37,115.52,-4.0292,-4.0292,IS
QQQ,2010-06-03,2010-06-04,1,1.0,46.69,45.0925,-3.4215,-6.843,IS
QQQ,2010-06-15,2010-06-22,7,1.0,46.71,46.24,-1.0062,-2.0124,IS
QQQ,2010-07-22,2010-07-29,7,1.0,45.77,45.71,-0.1311,-0.2622,IS
SPY,2010-07-26,2010-07-29,3,1.0,111.56,110.29,-1.1384,-2.2768,IS
GLD,2010-07-29,2010-08-02,4,1.0,114.288,115.54,1.0955,1.0955,IS
QQQ,2010-07-30,2010-08-11,12,1.0,45.81,45.4,-0.895,-1.79,IS
SPY,2010-08-02,2010-08-11,9,1.0,112.76,109.3,-3.0685,-6.1369,IS
GLD,2010-08-11,2010-09-03,23,1.0,117.34,121.86,3.8521,3.8521,IS
QQQ,2010-09-03,2011-03-16,194,1.0,46.01,54.15,17.6918,35.3836,IS
SPY,2010-09-03,2010-09-07,4,1.0,110.89,109.64,-1.1272,-2.2545,IS
GLD,2010-09-07,2010-09-08,1,0.5,122.7,122.71,0.0081,0.0081,IS
SPY,2010-09-08,2011-03-16,189,1.0,110.41,126.18,14.2831,28.5663,IS
GLD,2011-03-16,2011-03-21,5,1.0,136.24,139.14,2.1286,2.1286,IS
SPY,2011-03-17,2011-06-03,78,1.0,127.85,130.42,2.0102,4.0203,IS
QQQ,2011-03-21,2011-05-24,64,1.0,55.5,56.57,1.9279,3.8559,IS
GLD,2011-05-24,2011-05-25,1,0.5,148.59,148.58,-0.0067,-0.0067,IS
QQQ,2011-05-25,2011-06-03,9,1.0,56.79,56.35,-0.7748,-1.5496,IS
GLD,2011-06-03,2011-06-29,26,1.0,150.22,147.18,-2.0237,-2.0237,IS
QQQ,2011-06-29,2011-08-02,34,1.0,56.3,56.27,-0.0533,-0.1066,IS
SPY,2011-06-29,2011-07-18,19,1.0,130.72,130.61,-0.0841,-0.1683,IS
GLD,2011-07-18,2011-07-19,1,0.5,156.57,154.66,-1.2199,-1.2199,IS
SPY,2011-07-19,2011-07-27,8,1.0,132.73,130.6,-1.6048,-3.2095,IS
GLD,2011-07-27,2011-10-14,79,0.5,157.19,163.4,3.9506,3.9506,IS
QQQ,2011-09-14,2011-09-21,7,1.0,55.36,55.38,0.0361,0.0723,IS
QQQ,2011-10-10,2011-11-17,38,1.0,55.94,55.83,-0.1966,-0.3933,IS
SPY,2011-10-14,2011-10-17,3,1.0,122.57,120.23,-1.9091,-3.8182,IS
GLD,2011-10-17,2011-10-18,1,0.5,162.62,161.84,-0.4796,-0.4796,IS
SPY,2011-10-18,2011-10-19,1,1.0,122.58,121.13,-1.1829,-2.3658,IS
GLD,2011-10-19,2011-10-21,2,0.5,159.87,159.52,-0.2189,-0.2189,IS
SPY,2011-10-21,2011-11-01,11,1.0,123.97,122.0,-1.5891,-3.1782,IS
GLD,2011-11-01,2011-11-02,1,0.5,167.38,169.06,1.0037,1.0037,IS
SPY,2011-11-02,2011-11-17,15,1.0,123.99,122.11,-1.5163,-3.0325,IS
GLD,2011-11-17,2011-11-30,13,1.0,167.1,170.13,1.8133,1.8133,IS
QQQ,2011-11-30,2011-12-13,13,1.0,56.39,55.76,-1.1172,-2.2344,IS
SPY,2011-11-30,2011-12-13,13,1.0,124.99,123.05,-1.5521,-3.1042,IS
GLD,2011-12-13,2011-12-20,7,1.0,158.45,156.98,-0.9277,-0.9277,IS
QQQ,2011-12-20,2011-12-21,1,1.0,55.93,55.13,-1.4304,-2.8607,IS
SPY,2011-12-20,2012-05-14,146,1.0,123.93,134.11,8.2143,16.4286,IS
GLD,2011-12-21,2011-12-23,2,0.5,157.16,156.31,-0.5409,-0.5409,IS
QQQ,2011-12-23,2011-12-28,5,1.0,56.08,55.59,-0.8738,-1.7475,IS
GLD,2011-12-28,2011-12-29,1,0.5,151.03,150.34,-0.4569,-0.4569,IS
QQQ,2011-12-29,2011-12-30,1,1.0,55.99,55.83,-0.2858,-0.5715,IS
GLD,2011-12-30,2012-01-03,4,0.5,151.99,155.92,2.5857,2.5857,IS
QQQ,2012-01-03,2012-05-15,133,1.0,56.9,63.37,11.3708,22.7417,IS
GLD,2012-05-14,2012-06-18,35,0.5,151.33,157.93,4.3613,4.3613,IS
SPY,2012-06-15,2012-06-21,6,1.0,134.14,132.44,-1.2673,-2.5347,IS
QQQ,2012-06-18,2012-06-21,3,1.0,63.58,62.69,-1.3998,-2.7996,IS
GLD,2012-06-21,2012-06-29,8,1.0,152.015,155.19,2.0886,2.0886,IS
QQQ,2012-06-22,2012-06-25,3,1.0,63.35,62.13,-1.9258,-3.8516,IS
QQQ,2012-06-29,2012-07-11,12,1.0,64.16,63.02,-1.7768,-3.5536,IS
SPY,2012-06-29,2012-07-12,13,1.0,136.1,133.51,-1.903,-3.806,IS
GLD,2012-07-11,2012-07-13,2,0.5,152.99,154.14,0.7517,0.7517,IS
QQQ,2012-07-13,2012-07-24,11,1.0,63.38,62.96,-0.6627,-1.3253,IS
SPY,2012-07-13,2012-07-24,11,1.0,135.75,133.93,-1.3407,-2.6814,IS
GLD,2012-07-24,2012-07-26,2,1.0,153.52,156.77,2.117,2.117,IS
QQQ,2012-07-26,2012-10-19,85,1.0,63.37,65.68,3.6453,7.2905,IS
SPY,2012-07-26,2012-11-07,104,1.0,136.17,139.72,2.607,5.2141,IS
GLD,2012-10-19,2012-11-29,41,0.5,166.97,167.1817,0.1268,0.1268,IS
SPY,2012-11-23,2012-11-27,4,1.0,141.35,140.33,-0.7216,-1.4432,IS
SPY,2012-11-28,2012-12-28,30,1.0,141.46,140.03,-1.0109,-2.0218,IS
QQQ,2012-11-29,2012-12-03,4,1.0,65.91,65.67,-0.3641,-0.7283,IS
GLD,2012-12-03,2012-12-11,8,0.5,166.1267,165.65,-0.2869,-0.2869,IS
QQQ,2012-12-11,2012-12-13,2,1.0,65.97,65.3111,-0.9988,-1.9976,IS
GLD,2012-12-13,2012-12-18,5,0.5,164.37,162.08,-1.3932,-1.3932,IS
QQQ,2012-12-18,2012-12-21,3,1.0,66.5472,65.2,-2.0244,-4.0489,IS
GLD,2012-12-21,2013-01-02,12,0.5,160.33,163.17,1.7713,1.7713,IS
SPY,2012-12-31,2013-06-24,175,1.0,142.41,157.06,10.2872,20.5744,IS
QQQ,2013-01-02,2013-02-25,54,1.0,67.2,66.31,-1.3244,-2.6488,IS
GLD,2013-02-25,2013-02-26,1,0.5,154.34,156.22,1.2181,1.2181,IS
QQQ,2013-02-26,2013-04-18,51,1.0,66.56,67.169,0.915,1.8299,IS
GLD,2013-04-18,2013-04-19,1,0.5,134.3,135.47,0.8712,0.8712,IS
QQQ,2013-04-19,2013-06-21,63,1.0,68.09,70.43,3.4366,6.8733,IS
GLD,2013-06-21,2013-06-26,5,0.5,125.05,118.28,-5.4138,-5.4138,IS
SPY,2013-06-25,2013-10-08,105,1.0,158.57,165.48,4.3577,8.7154,IS
QQQ,2013-06-26,2014-04-04,282,1.0,70.87,86.37,21.871,43.7421,IS
GLD,2013-10-08,2013-10-09,1,0.5,127.4,126.11,-1.0126,-1.0126,IS
SPY,2013-10-09,2014-02-03,117,1.0,165.6,174.17,5.1751,10.3502,IS
GLD,2014-02-03,2014-02-06,3,0.5,121.32,121.24,-0.0659,-0.0659,IS
SPY,2014-02-06,2014-04-11,64,1.0,177.48,181.51,2.2707,4.5414,IS
GLD,2014-04-04,2014-04-09,5,0.5,125.57,126.32,0.5973,0.5973,IS
QQQ,2014-04-09,2014-04-10,1,1.0,87.82,85.1,-3.0972,-6.1945,IS
GLD,2014-04-10,2014-04-21,11,0.5,127.01,124.24,-2.1809,-2.1809,IS
SPY,2014-04-14,2014-08-07,115,1.0,182.94,191.03,4.4222,8.8444,IS
QQQ,2014-04-21,2014-04-25,4,1.0,86.84,86.19,-0.7485,-1.497,IS
GLD,2014-04-25,2014-04-29,4,0.5,125.43,124.86,-0.4544,-0.4544,IS
QQQ,2014-04-29,2014-05-07,8,1.0,87.16,86.56,-0.6884,-1.3768,IS
GLD,2014-05-07,2014-05-09,2,0.5,124.17,124.1,-0.0564,-0.0564,IS
QQQ,2014-05-09,2014-10-10,154,1.0,86.8,94.44,8.8018,17.6037,IS
GLD,2014-08-07,2014-08-08,1,0.5,126.18,126.19,0.0079,0.0079,IS
SPY,2014-08-08,2014-10-01,54,1.0,193.24,194.35,0.5744,1.1488,IS
GLD,2014-10-01,2014-10-03,2,0.5,116.77,114.61,-1.8498,-1.8498,IS
SPY,2014-10-03,2014-10-07,4,1.0,196.52,193.26,-1.6589,-3.3177,IS
GLD,2014-10-07,2014-10-08,1,0.5,116.36,117.4701,0.954,0.954,IS
SPY,2014-10-08,2014-10-09,1,1.0,196.64,192.74,-1.9833,-3.9666,IS
GLD,2014-10-09,2014-10-23,14,0.5,117.64,118.52,0.748,0.748,IS
QQQ,2014-10-21,2015-01-06,77,1.0,96.87,100.07,3.3034,6.6068,IS
SPY,2014-10-23,2014-12-16,54,1.0,194.93,197.91,1.5288,3.0575,IS
GLD,2014-12-16,2014-12-17,1,0.5,114.95,114.27,-0.5916,-0.5916,IS
SPY,2014-12-17,2015-01-06,20,1.0,201.79,199.82,-0.9763,-1.9525,IS
GLD,2015-01-06,2015-01-07,1,1.0,117.12,116.43,-0.5891,-0.5891,IS
QQQ,2015-01-07,2015-01-15,8,1.0,101.36,99.65,-1.6871,-3.3741,IS
SPY,2015-01-07,2015-01-14,7,1.0,202.31,200.86,-0.7167,-1.4334,IS
GLD,2015-01-14,2015-01-16,2,0.5,117.97,122.52,3.8569,3.8569,IS
QQQ,2015-01-16,2015-06-29,164,1.0,100.82,106.69,5.8223,11.6445,IS
SPY,2015-01-16,2015-01-28,12,1.0,201.63,200.14,-0.739,-1.478,IS
GLD,2015-01-28,2015-01-29,1,0.5,123.42,120.76,-2.1552,-2.1552,IS
SPY,2015-01-29,2015-01-30,1,1.0,201.99,199.45,-1.2575,-2.515,IS
GLD,2015-01-30,2015-02-02,3,0.5,123.45,122.42,-0.8343,-0.8343,IS
SPY,2015-02-02,2015-06-08,126,1.0,201.92,208.42,3.2191,6.4382,IS
GLD,2015-06-08,2015-06-10,2,0.5,112.57,113.78,1.0749,1.0749,IS
SPY,2015-06-10,2015-06-29,19,1.0,210.96,205.47,-2.6024,-5.2048,IS
GLD,2015-06-29,2015-07-13,14,1.0,113.07,110.99,-1.8396,-1.8396,IS
QQQ,2015-07-01,2015-07-08,7,1.0,107.92,106.09,-1.6957,-3.3914,IS
QQQ,2015-07-10,2015-08-20,41,1.0,107.65,107.08,-0.5295,-1.059,IS
SPY,2015-07-13,2015-07-24,11,1.0,209.76,207.94,-0.8677,-1.7353,IS
GLD,2015-07-24,2015-07-28,4,0.5,105.35,105.02,-0.3132,-0.3132,IS
SPY,2015-07-28,2015-08-06,9,1.0,209.31,208.35,-0.4586,-0.9173,IS
GLD,2015-08-06,2015-08-10,4,0.5,104.39,105.72,1.2741,1.2741,IS
SPY,2015-08-10,2015-08-11,1,1.0,210.63,208.66,-0.9353,-1.8706,IS
GLD,2015-08-11,2015-08-14,3,0.5,106.26,106.85,0.5552,0.5552,IS
SPY,2015-08-14,2015-08-19,5,1.0,209.36,208.28,-0.5159,-1.0317,IS
GLD,2015-08-19,2015-10-15,57,0.5,108.55,113.29,4.3667,4.3667,IS
QQQ,2015-10-12,2015-10-13,1,1.0,106.79,106.1,-0.6461,-1.2923,IS
QQQ,2015-10-15,2015-12-18,64,1.0,107.67,109.83,2.0061,4.0123,IS
SPY,2015-10-15,2015-10-21,6,1.0,202.35,201.85,-0.2471,-0.4942,IS
GLD,2015-10-21,2015-10-22,1,0.5,111.73,111.69,-0.0358,-0.0358,IS
SPY,2015-10-22,2015-11-13,22,1.0,205.21,202.54,-1.3011,-2.6022,IS
GLD,2015-11-13,2015-11-16,3,0.5,103.56,103.71,0.1448,0.1448,IS
SPY,2015-11-16,2015-12-11,25,1.0,205.62,201.88,-1.8189,-3.6378,IS
GLD,2015-12-11,2015-12-15,4,0.5,103.11,101.52,-1.542,-1.542,IS
SPY,2015-12-15,2015-12-17,2,1.0,205.03,204.86,-0.0829,-0.1658,IS
GLD,2015-12-17,2015-12-23,6,0.5,100.5,102.31,1.801,1.801,IS
QQQ,2015-12-21,2016-01-04,14,1.0,111.05,109.5,-1.3958,-2.7915,IS
SPY,2015-12-23,2015-12-31,8,1.0,206.02,203.87,-1.0436,-2.0872,IS
GLD,2015-12-31,2016-03-11,71,0.5,101.46,119.41,17.6917,17.6917,IS
SPY,2016-03-01,2016-06-24,115,1.0,198.11,203.24,2.5895,5.1789,IS
QQQ,2016-03-11,2016-04-28,48,1.0,106.49,106.28,-0.1972,-0.3944,IS
GLD,2016-04-28,2016-05-10,12,0.5,121.29,120.98,-0.2556,-0.2556,IS
QQQ,2016-05-10,2016-05-11,1,1.0,107.33,106.36,-0.9038,-1.8075,IS
GLD,2016-05-11,2016-05-24,13,0.5,122.12,117.3,-3.9469,-3.9469,IS
QQQ,2016-05-24,2016-06-17,24,1.0,108.46,106.49,-1.8163,-3.6327,IS
GLD,2016-06-17,2016-06-23,6,0.5,123.95,120.11,-3.098,-3.098,IS
QQQ,2016-06-23,2016-06-24,1,1.0,108.77,104.29,-4.1188,-8.2376,IS
GLD,2016-06-24,2016-06-30,6,1.0,126.01,126.47,0.3651,0.3651,IS
SPY,2016-06-29,2016-10-11,104,1.0,206.66,213.43,3.2759,6.5518,IS
QQQ,2016-06-30,2016-11-02,125,1.0,107.54,115.18,7.1043,14.2087,IS
GLD,2016-10-11,2016-10-12,1,0.5,119.55,119.74,0.1589,0.1589,IS
SPY,2016-10-12,2016-10-13,1,1.0,213.71,213.01,-0.3276,-0.6551,IS
GLD,2016-10-13,2016-10-18,5,0.5,120.03,120.42,0.3249,0.3249,IS
SPY,2016-10-18,2016-10-27,9,1.0,213.71,213.17,-0.2527,-0.5054,IS
GLD,2016-10-27,2016-11-08,12,0.5,121.01,121.64,0.5206,0.5206,IS
QQQ,2016-11-07,2016-11-14,7,1.0,116.35,114.63,-1.4783,-2.9566,IS
SPY,2016-11-08,2018-02-05,454,1.0,214.11,263.93,23.2684,46.5368,IS
GLD,2016-11-14,2016-11-15,1,0.5,116.11,117.12,0.8699,0.8699,IS
QQQ,2016-11-15,2016-12-01,16,1.0,116.22,115.47,-0.6453,-1.2907,IS
GLD,2016-12-01,2016-12-05,4,0.5,111.54,111.54,0.0,0.0,IS
QQQ,2016-12-05,2018-02-08,430,1.0,116.6,153.45,31.6038,63.2075,IS
GLD,2018-02-05,2018-02-06,1,0.5,126.71,125.38,-1.0496,-1.0496,OOS
SPY,2018-02-06,2018-02-08,2,1.0,269.13,257.63,-4.273,-8.5461,OOS
GLD,2018-02-08,2018-02-12,4,1.0,124.98,125.37,0.312,0.312,OOS
QQQ,2018-02-12,2018-03-23,39,1.0,158.87,158.51,-0.2266,-0.4532,OOS
SPY,2018-02-12,2018-03-22,38,1.0,265.34,263.67,-0.6294,-1.2588,OOS
GLD,2018-03-22,2018-04-16,25,0.5,125.98,127.63,1.3097,1.3097,OOS
QQQ,2018-03-26,2018-03-27,1,1.0,164.4,159.08,-3.236,-6.472,OOS
QQQ,2018-04-10,2018-04-11,1,1.0,161.21,160.28,-0.5769,-1.1538,OOS
QQQ,2018-04-12,2018-04-24,12,1.0,162.21,158.46,-2.3118,-4.6236,OOS
SPY,2018-04-16,2018-04-20,4,1.0,267.33,266.61,-0.2693,-0.5387,OOS
GLD,2018-04-20,2018-05-07,17,0.5,126.63,124.57,-1.6268,-1.6268,OOS
QQQ,2018-04-26,2018-04-30,4,1.0,161.99,160.94,-0.6482,-1.2964,OOS
QQQ,2018-05-01,2018-10-10,162,1.0,162.78,171.73,5.4982,10.9964,OOS
SPY,2018-05-07,2018-06-27,51,1.0,266.92,269.35,0.9104,1.8208,OOS
GLD,2018-06-27,2018-06-28,1,0.5,118.58,118.22,-0.3036,-0.3036,OOS
SPY,2018-06-28,2018-10-10,104,1.0,270.89,278.3,2.7354,5.4709,OOS
GLD,2018-10-10,2019-01-31,113,1.0,112.88,124.75,10.5156,10.5156,OOS
SPY,2018-11-07,2018-11-09,2,1.0,281.01,277.76,-1.1565,-2.3131,OOS
SPY,2018-12-03,2018-12-04,1,1.0,279.3,270.25,-3.2402,-6.4805,OOS
SPY,2019-01-30,2019-05-28,118,1.0,267.58,280.15,4.6977,9.3953,OOS
QQQ,2019-01-31,2019-05-23,112,1.0,168.16,178.25,6.0002,12.0005,OOS
GLD,2019-05-23,2019-06-07,15,0.5,121.17,126.59,4.4731,4.4731,OOS
SPY,2019-06-05,2019-08-05,61,1.0,282.96,283.82,0.3039,0.6079,OOS
QQQ,2019-06-07,2019-08-05,59,1.0,181.04,180.73,-0.1712,-0.3425,OOS
GLD,2019-08-05,2019-08-08,3,1.0,137.79,141.73,2.8594,2.8594,OOS
QQQ,2019-08-08,2019-08-12,4,1.0,188.26,184.35,-2.0769,-4.1538,OOS
SPY,2019-08-08,2019-08-12,4,1.0,293.62,288.07,-1.8902,-3.7804,OOS
GLD,2019-08-12,2019-08-13,1,1.0,142.63,141.78,-0.5959,-0.5959,OOS
QQQ,2019-08-13,2019-08-14,1,1.0,188.39,182.76,-2.9885,-5.977,OOS
SPY,2019-08-13,2019-08-14,1,1.0,292.55,283.9,-2.9568,-5.9135,OOS
GLD,2019-08-14,2019-08-19,5,1.0,142.75,141.11,-1.1489,-1.1489,OOS
QQQ,2019-08-16,2019-08-23,7,1.0,185.48,182.07,-1.8385,-3.6769,OOS
SPY,2019-08-19,2019-08-23,4,1.0,292.33,284.85,-2.5588,-5.1175,OOS
GLD,2019-08-23,2019-08-29,6,1.0,144.17,144.12,-0.0347,-0.0347,OOS
QQQ,2019-08-28,2019-10-02,35,1.0,185.09,184.05,-0.5619,-1.1238,OOS
SPY,2019-08-29,2019-10-02,34,1.0,292.58,288.06,-1.5449,-3.0898,OOS
GLD,2019-10-02,2019-10-04,2,1.0,141.26,141.9,0.4531,0.4531,OOS
QQQ,2019-10-04,2019-10-08,4,1.0,188.81,185.42,-1.7955,-3.5909,OOS
SPY,2019-10-04,2019-10-08,4,1.0,294.35,288.53,-1.9772,-3.9545,OOS
GLD,2019-10-08,2019-10-10,2,1.0,141.92,140.81,-0.7821,-0.7821,OOS
QQQ,2019-10-09,2020-02-27,141,1.0,187.23,205.64,9.8328,19.6657,OOS
SPY,2019-10-10,2020-02-25,138,1.0,293.24,312.65,6.6192,13.2383,OOS
GLD,2020-02-25,2020-04-29,64,0.5,153.3,161.73,5.499,5.499,OOS
QQQ,2020-03-02,2020-03-03,1,1.0,216.42,209.48,-3.2067,-6.4135,OOS
QQQ,2020-03-04,2020-03-05,1,1.0,218.22,211.59,-3.0382,-6.0764,OOS
QQQ,2020-04-13,2021-03-04,325,1.0,203.03,304.1,49.7808,99.5616,OOS
SPY,2020-04-29,2020-04-30,1,1.0,293.21,290.48,-0.9311,-1.8621,OOS
GLD,2020-04-30,2020-05-08,8,0.5,158.8,160.42,1.0202,1.0202,OOS
SPY,2020-05-08,2020-05-12,4,1.0,292.44,286.67,-1.9731,-3.9461,OOS
GLD,2020-05-12,2020-05-18,6,0.5,160.04,162.69,1.6558,1.6558,OOS
SPY,2020-05-18,2020-09-23,128,1.0,295.0,322.64,9.3695,18.739,OOS
GLD,2020-09-23,2020-09-24,1,0.5,174.79,175.44,0.3719,0.3719,OOS
SPY,2020-09-24,2020-10-28,34,1.0,323.5,326.66,0.9768,1.9536,OOS
GLD,2020-10-28,2020-10-29,1,0.5,176.13,175.4,-0.4145,-0.4145,OOS
SPY,2020-10-29,2020-10-30,1,1.0,329.98,326.54,-1.0425,-2.085,OOS
GLD,2020-10-30,2020-11-02,3,0.5,176.2,177.91,0.9705,0.9705,OOS
SPY,2020-11-02,2021-09-30,332,1.0,330.2,429.14,29.9637,59.9273,OOS
GLD,2021-03-04,2021-03-05,1,0.5,159.04,159.14,0.0629,0.0629,OOS
QQQ,2021-03-05,2021-03-08,3,1.0,308.68,299.94,-2.8314,-5.6628,OOS
GLD,2021-03-08,2021-03-09,1,0.5,157.49,160.84,2.1271,2.1271,OOS
QQQ,2021-03-09,2021-05-12,64,1.0,311.77,316.89,1.6422,3.2845,OOS
GLD,2021-05-12,2021-05-14,2,0.5,170.43,172.69,1.3261,1.3261,OOS
QQQ,2021-05-14,2021-09-30,139,1.0,326.39,357.96,9.6725,19.345,OOS
GLD,2021-09-30,2021-10-01,1,1.0,164.22,164.59,0.2253,0.2253,OOS
QQQ,2021-10-01,2021-10-04,3,1.0,360.18,352.62,-2.099,-4.1979,OOS
SPY,2021-10-01,2021-10-04,3,1.0,434.24,428.64,-1.2896,-2.5792,OOS
GLD,2021-10-04,2021-10-06,2,1.0,165.36,165.03,-0.1996,-0.1996,OOS
SPY,2021-10-05,2022-01-18,105,1.0,433.1,456.49,5.4006,10.8012,OOS
QQQ,2021-10-06,2021-10-11,5,1.0,359.67,358.39,-0.3559,-0.7118,OOS
GLD,2021-10-11,2021-10-13,2,0.5,163.92,167.59,2.2389,2.2389,OOS
QQQ,2021-10-13,2022-01-07,86,1.0,360.0,379.86,5.5167,11.0333,OOS
GLD,2022-01-07,2022-01-11,4,0.5,167.75,170.29,1.5142,1.5142,OOS
QQQ,2022-01-11,2022-01-13,2,1.0,385.82,377.66,-2.115,-4.23,OOS
GLD,2022-01-13,2022-03-28,74,0.5,170.16,179.06,5.2304,5.2304,OOS
SPY,2022-02-02,2022-02-03,1,1.0,457.35,446.6,-2.3505,-4.701,OOS
SPY,2022-02-09,2022-02-10,1,1.0,457.54,449.32,-1.7966,-3.5931,OOS
SPY,2022-03-22,2022-03-23,1,1.0,449.59,443.8,-1.2878,-2.5757,OOS
SPY,2022-03-24,2022-04-06,13,1.0,450.49,446.52,-0.8813,-1.7625,OOS
QQQ,2022-03-28,2022-04-06,9,1.0,364.91,353.26,-3.1926,-6.3851,OOS
GLD,2022-04-06,2022-07-29,114,1.0,179.66,164.1,-8.6608,-8.6608,OOS
SPY,2022-04-07,2022-04-11,4,1.0,448.77,439.92,-1.9721,-3.9441,OOS
QQQ,2022-07-29,2022-08-22,24,1.0,315.46,314.36,-0.3487,-0.6974,OOS
SPY,2022-07-29,2022-08-26,28,1.0,411.99,405.31,-1.6214,-3.2428,OOS
GLD,2022-08-22,2022-08-25,3,0.5,161.64,163.75,1.3054,1.3054,OOS
QQQ,2022-08-25,2022-08-26,1,1.0,320.58,307.44,-4.0988,-8.1976,OOS
GLD,2022-08-26,2022-11-30,96,1.0,161.76,164.81,1.8855,1.8855,OOS
SPY,2022-09-12,2022-09-13,1,1.0,410.97,393.1,-4.3482,-8.6965,OOS
SPY,2022-11-10,2022-12-15,35,1.0,394.69,389.63,-1.282,-2.564,OOS
QQQ,2022-11-30,2022-12-05,5,1.0,293.36,287.64,-1.9498,-3.8996,OOS
GLD,2022-12-05,2023-01-20,46,0.5,164.39,179.29,9.0638,9.0638,OOS
SPY,2023-01-10,2023-01-19,9,1.0,390.58,388.64,-0.4967,-0.9934,OOS
QQQ,2023-01-20,2023-03-10,49,1.0,282.68,288.55,2.0766,4.1531,OOS
SPY,2023-01-20,2023-02-24,35,1.0,395.88,396.38,0.1263,0.2526,OOS
GLD,2023-02-24,2023-02-27,3,0.5,168.35,169.01,0.392,0.392,OOS
SPY,2023-02-27,2023-02-28,1,1.0,397.73,396.26,-0.3696,-0.7392,OOS
GLD,2023-02-28,2023-03-02,2,0.5,169.78,170.66,0.5183,0.5183,OOS
SPY,2023-03-02,2023-03-09,7,1.0,397.81,391.56,-1.5711,-3.1422,OOS
GLD,2023-03-09,2023-03-21,12,0.5,170.2,180.37,5.9753,5.9753,OOS
QQQ,2023-03-13,2023-09-21,192,1.0,290.69,357.86,23.1071,46.2142,OOS
SPY,2023-03-21,2023-03-22,1,1.0,398.91,392.11,-1.7046,-3.4093,OOS
GLD,2023-03-22,2023-03-27,5,0.5,183.44,181.95,-0.8123,-0.8123,OOS
SPY,2023-03-27,2023-03-28,1,1.0,396.49,395.6,-0.2245,-0.4489,OOS
GLD,2023-03-28,2023-03-29,1,0.5,183.44,182.53,-0.4961,-0.4961,OOS
SPY,2023-03-29,2023-09-21,176,1.0,401.35,431.39,7.4847,14.9695,OOS
GLD,2023-09-21,2023-10-10,19,1.0,178.05,172.53,-3.1003,-3.1003,OOS
QQQ,2023-09-25,2023-09-26,1,1.0,359.61,354.21,-1.5016,-3.0033,OOS
QQQ,2023-09-28,2023-10-03,5,1.0,358.01,354.92,-0.8631,-1.7262,OOS
QQQ,2023-10-04,2023-10-20,16,1.0,359.75,354.6,-1.4315,-2.8631,OOS
SPY,2023-10-10,2023-10-12,2,1.0,434.54,433.66,-0.2025,-0.405,OOS
GLD,2023-10-12,2023-10-16,4,0.5,173.26,177.96,2.7127,2.7127,OOS
SPY,2023-10-16,2023-10-18,2,1.0,436.04,430.21,-1.337,-2.6741,OOS
GLD,2023-10-18,2023-11-03,16,0.5,180.87,184.79,2.1673,2.1673,OOS
QQQ,2023-11-02,2024-04-19,169,1.0,363.44,414.65,14.0904,28.1807,OOS
SPY,2023-11-03,2024-08-05,276,1.0,434.69,517.38,19.0228,38.0455,OOS
GLD,2024-04-19,2024-04-23,4,0.5,221.03,215.04,-2.71,-2.71,FWD
QQQ,2024-04-23,2024-05-01,8,1.0,425.07,421.52,-0.8352,-1.6703,FWD
GLD,2024-05-01,2024-05-02,1,0.5,213.79,213.13,-0.3087,-0.3087,FWD
QQQ,2024-05-02,2024-08-02,92,1.0,426.9,448.75,5.1183,10.2366,FWD
GLD,2024-08-02,2024-08-13,11,0.5,225.34,228.06,1.2071,1.2071,FWD
SPY,2024-08-08,2025-02-27,203,1.0,530.65,585.05,10.2516,20.5032,FWD
QQQ,2024-08-13,2024-09-06,24,1.0,462.58,448.69,-3.0027,-6.0054,FWD
GLD,2024-09-06,2024-09-11,5,0.5,230.63,232.25,0.7024,0.7024,FWD
QQQ,2024-09-11,2025-02-27,169,1.0,468.62,500.27,6.7539,13.5077,FWD
GLD,2025-02-27,2025-05-02,64,1.0,264.93,297.98,12.475,12.475,FWD
SPY,2025-02-28,2025-03-03,3,1.0,594.18,583.77,-1.752,-3.504,FWD
QQQ,2025-05-02,2025-05-06,4,1.0,488.83,481.41,-1.5179,-3.0358,FWD
SPY,2025-05-02,2025-05-05,3,1.0,566.76,563.51,-0.5734,-1.1469,FWD
GLD,2025-05-05,2025-05-12,7,0.5,306.88,298.19,-2.8317,-2.8317,FWD
QQQ,2025-05-08,2025-11-20,196,1.0,488.29,585.67,19.9431,39.8861,FWD
SPY,2025-05-12,2026-03-06,298,1.0,582.99,672.38,15.333,30.666,FWD
GLD,2025-11-20,2025-11-21,1,0.5,374.85,374.27,-0.1547,-0.1547,FWD
QQQ,2025-11-21,2026-02-04,75,1.0,590.07,605.75,2.6573,5.3146,FWD
GLD,2026-02-04,2026-02-06,2,0.5,453.97,455.46,0.3282,0.3282,FWD
QQQ,2026-02-06,2026-02-12,6,1.0,609.65,600.64,-1.4779,-2.9558,FWD
GLD,2026-02-12,2026-02-20,8,0.5,451.39,468.62,3.8171,3.8171,FWD
QQQ,2026-02-20,2026-02-23,3,1.0,608.81,601.41,-1.2155,-2.431,FWD
GLD,2026-02-23,2026-02-24,1,0.5,481.28,474.61,-1.3859,-1.3859,FWD
QQQ,2026-02-24,2026-03-03,7,1.0,607.87,601.58,-1.0348,-2.0695,FWD
GLD,2026-03-03,2026-03-04,1,0.5,468.14,471.8,0.7818,0.7818,FWD
QQQ,2026-03-04,2026-03-06,2,1.0,610.75,599.75,-1.8011,-3.6021,FWD
GLD,2026-03-06,2026-03-09,3,1.0,473.51,472.53,-0.207,-0.207,FWD
QQQ,2026-03-09,2026-03-12,3,1.0,607.76,597.26,-1.7277,-3.4553,FWD
SPY,2026-03-09,2026-03-10,1,1.0,678.27,677.18,-0.1607,-0.3214,FWD
GLD,2026-03-10,2026-04-08,29,0.5,477.86,434.53,-9.0675,-9.0675,FWD
QQQ,2026-04-08,2026-04-14,6,1.0,606.09,628.6,3.714,7.4279,FWD*open
SPY,2026-04-08,2026-04-14,6,1.0,676.01,694.46,2.7292,5.4585,FWD*open
