base_rank,base_cfg_id,combo,stop_loss_pct,reentry_mode,reentry_param,risk_indicator,risk_lambda,cagr,sharpe,max_drawdown,calmar,sortino,volatility,n_switches,n_stops,mean_position,delta_cagr,delta_mdd,effectiveness
1,EMA_N150_th5_bL2_sL0,sl20_cool21_composite05,0.2,time_cooldown,21.0,composite,0.5,0.1391153583317848,0.7325003385398385,0.3140538508472406,0.4429665739059895,0.9969874356093504,0.207411505717224,21,7,0.8808923271147213,-0.011881818741404704,0.07702607859251831,6.482684197504604
1,EMA_N150_th5_bL2_sL0,sl20_cool21_cape05,0.2,time_cooldown,21.0,cape,0.5,0.14568025670509654,0.7448613385331677,0.28683546580474406,0.507887880239554,1.0118899625635855,0.21342733446690929,17,7,0.9051623832508598,-0.005316920368092948,0.10424446363501483,19.606173577582624
1,EMA_N150_th5_bL2_sL0,sl30_rec10_composite05,0.3,recovery_trigger,0.1,composite,0.5,0.12905304878500656,0.6854533576806495,0.36112522038790845,0.35736371069952455,0.931092183939865,0.20926578527632622,17,1,0.8856283815719295,-0.02194412828818293,0.029954709051850437,1.3650443826461434
1,EMA_N150_th5_bL2_sL0,sl30_rec10_cape05,0.3,recovery_trigger,0.1,cape,0.5,0.13890122822628892,0.7083752520812973,0.29314579872187224,0.47382984450708143,0.9625841299562918,0.21718295834502394,15,0,0.9160472625333445,-0.012095948846900573,0.09793413071788665,8.096440548604088
2,SMA_N150_th2_bL2_sL0,sl20_cool21_composite05,0.2,time_cooldown,21.0,composite,0.5,0.11457108961896711,0.6403318089142628,0.4271413973546103,0.2682275478999074,0.8724297111169746,0.20118851247695332,42,7,0.8775394711398089,-0.03638265804426655,0.007141584986780636,0.1962909081049415
2,SMA_N150_th2_bL2_sL0,sl20_cool21_cape05,0.2,time_cooldown,21.0,cape,0.5,0.1299215055922991,0.6904313872099195,0.32353716514089037,0.4015659392197565,0.9445143415880735,0.20865130070097695,38,6,0.9024488349532362,-0.02103224207093457,0.11074581720050058,5.265525987528708
2,SMA_N150_th2_bL2_sL0,sl30_rec10_composite05,0.3,recovery_trigger,0.1,composite,0.5,0.1236654433352058,0.6789572664781699,0.4109167966310747,0.30095008125509626,0.9272460494559192,0.2019332892688773,34,2,0.8804178108365674,-0.027288304328027868,0.023366185710316234,0.8562710760417891
2,SMA_N150_th2_bL2_sL0,sl30_rec10_cape05,0.3,recovery_trigger,0.1,cape,0.5,0.11807448117308761,0.6364051653523205,0.4109167966310747,0.2873440125619788,0.8672158090649582,0.21037632618610133,34,2,0.9052434862563226,-0.03287926649014605,0.023366185710316234,0.7106662710166938
3,EMA_N150_th5_bL1_sL0,sl20_cool21_composite05,0.2,time_cooldown,21.0,composite,0.5,0.08360280406375065,0.8107500527757622,0.15944410997104402,0.5243392438825956,1.1089208035381475,0.10597657547549993,15,0,0.899805627164964,-0.008434758706670209,0.05206319334080947,6.172457938795319
3,EMA_N150_th5_bL1_sL0,sl20_cool21_cape05,0.2,time_cooldown,21.0,cape,0.5,0.0838087857016041,0.7921189733973398,0.15060180026536926,0.5564925887600818,1.080472951068605,0.10914393439686942,15,0,0.9160472625333445,-0.00822877706881675,0.06090550304648423,7.401525468138862
3,EMA_N150_th5_bL1_sL0,sl30_rec10_composite05,0.3,recovery_trigger,0.1,composite,0.5,0.08360280406375065,0.8107500527757622,0.15944410997104402,0.5243392438825956,1.1089208035381475,0.10597657547549993,15,0,0.899805627164964,-0.008434758706670209,0.05206319334080947,6.172457938795319
3,EMA_N150_th5_bL1_sL0,sl30_rec10_cape05,0.3,recovery_trigger,0.1,cape,0.5,0.0838087857016041,0.7921189733973398,0.15060180026536926,0.5564925887600818,1.080472951068605,0.10914393439686942,15,0,0.9160472625333445,-0.00822877706881675,0.06090550304648423,7.401525468138862
4,EMA_N150_th5_bL3_sL0,sl20_cool21_composite05,0.2,time_cooldown,21.0,composite,0.5,0.11549806632552673,0.5296422818584555,0.45262501465933125,0.25517384719104946,0.7114507663095793,0.28266990361286254,40,18,0.8162784286232659,-0.08699221730344897,0.08971115710401456,1.03125497756979
4,EMA_N150_th5_bL3_sL0,sl20_cool21_cape05,0.2,time_cooldown,21.0,cape,0.5,0.15459589150970054,0.6437651676714625,0.5230301192477507,0.2955774167117727,0.8701964257249674,0.28900869616647096,38,17,0.8300496355745889,-0.04789439211927515,0.01930605251559514,0.4030963054613109
4,EMA_N150_th5_bL3_sL0,sl30_rec10_composite05,0.3,recovery_trigger,0.1,composite,0.5,0.17013732878248988,0.6708593599539246,0.48281708174900023,0.35238465086232873,0.9097391674017741,0.30392991835933525,21,7,0.8315855901751108,-0.032352954846485815,0.05951909001434558,1.8396801867638546
4,EMA_N150_th5_bL3_sL0,sl30_rec10_cape05,0.3,recovery_trigger,0.1,cape,0.5,0.18090974389654613,0.684404221288303,0.4376529619616739,0.41336346288086756,0.9263215085619497,0.3177665992671069,17,7,0.893127527299754,-0.02158053973242957,0.1046832098016719,4.850815183475788
5,SMA_N150_th2_bL3_sL0,sl20_cool21_composite05,0.2,time_cooldown,21.0,composite,0.5,0.15161062981217555,0.6322326261657772,0.5487088203724866,0.27630434245481217,0.8601640511786006,0.29080314704645027,48,16,0.8516675825266397,-0.052008300547255804,0.03339977973845354,0.6422009445993302
5,SMA_N150_th2_bL3_sL0,sl20_cool21_cape05,0.2,time_cooldown,21.0,cape,0.5,0.16551119923206037,0.6633657234619725,0.46056182433755666,0.35936803809156637,0.9032835436926322,0.2990416059612472,46,16,0.8707654249924043,-0.03810773112737098,0.12154677577338346,3.1895568740927263
5,SMA_N150_th2_bL3_sL0,sl30_rec10_composite05,0.3,recovery_trigger,0.1,composite,0.5,0.15664905874785573,0.638307496309676,0.567405492262802,0.2760795601803965,0.8669131839534068,0.2984709393321571,36,5,0.8632961698858875,-0.04696987161157562,0.014703107848138108,0.31303274511217866
5,SMA_N150_th2_bL3_sL0,sl30_rec10_cape05,0.3,recovery_trigger,0.1,cape,0.5,0.15365701445272473,0.6198940878133199,0.5001720551528585,0.3072083153581328,0.8424344447063021,0.30793299554094505,36,6,0.870623312588784,-0.04996191590670662,0.08193654495808167,1.6399800422201771
6,SMA_N150_th2_bL1_sL0,sl20_cool21_composite05,0.2,time_cooldown,21.0,composite,0.5,0.077259942643509,0.7781844251539669,0.24128520872573092,0.320201735744732,1.068286521572999,0.10237817512613658,36,1,0.8939336724718179,-0.012694764128982294,-0.0006355078016349325,-0.0500606230393884
6,SMA_N150_th2_bL1_sL0,sl20_cool21_cape05,0.2,time_cooldown,21.0,cape,0.5,0.08053436117749224,0.780187447888546,0.1872594403229531,0.4300683641828702,1.0710251990659445,0.10657140159694148,34,0,0.9207568041343195,-0.009420345594999047,0.05339026060114288,5.6675479750430835
6,SMA_N150_th2_bL1_sL0,sl30_rec10_composite05,0.3,recovery_trigger,0.1,composite,0.5,0.07967178166019528,0.7971705017066324,0.2122765144721337,0.375320754904585,1.0961042207809033,0.10279951191946918,34,0,0.8990766766824579,-0.010282925112296004,0.028373186451962296,2.7592524638766958
6,SMA_N150_th2_bL1_sL0,sl30_rec10_cape05,0.3,recovery_trigger,0.1,cape,0.5,0.08053436117749224,0.780187447888546,0.1872594403229531,0.4300683641828702,1.0710251990659445,0.10657140159694148,34,0,0.9207568041343195,-0.009420345594999047,0.05339026060114288,5.6675479750430835
7,SMA_N200_th2_bL2_sL0,sl20_cool21_composite05,0.2,time_cooldown,21.0,composite,0.5,0.1341467146137194,0.7219396239911389,0.2739376199007875,0.4896980365906062,0.989921944775943,0.2031069841499852,28,6,0.8878256007501366,-0.0031246469873380533,0.14736164033167148,47.16105240970331
7,SMA_N200_th2_bL2_sL0,sl20_cool21_cape05,0.2,time_cooldown,21.0,cape,0.5,0.13757938901028144,0.7203331444539876,0.29819751557875523,0.46137000418417684,0.9830550973321104,0.20971346844339442,28,6,0.902932121660078,0.00030802740922397653,0.12310174465370377,123.10174465370376
7,SMA_N200_th2_bL2_sL0,sl30_rec10_composite05,0.3,recovery_trigger,0.1,composite,0.5,0.1166232937956555,0.6403335151641276,0.37419599588383634,0.31166366043066773,0.8687586987943259,0.20547421324359505,28,2,0.8824745993991088,-0.02064806780540196,0.047103264348622664,2.2812432036037524
7,SMA_N200_th2_bL2_sL0,sl30_rec10_cape05,0.3,recovery_trigger,0.1,cape,0.5,0.11758728334710233,0.6347709166394655,0.43777341803269587,0.26860306839900483,0.8631177513754708,0.21020907790010135,28,1,0.890116896510252,-0.01968407825395513,-0.016474157800236866,-0.8369280790136417
8,EMA_N100_th5_bL2_sL0,sl20_cool21_composite05,0.2,time_cooldown,21.0,composite,0.5,0.13554128698582124,0.7164515281407435,0.36271438919518917,0.3736859937830638,0.9820799110854738,0.20769985010094294,22,4,0.896196323046078,-0.009425906147366048,0.13434599398138852,14.252846557243712
8,EMA_N100_th5_bL2_sL0,sl20_cool21_cape05,0.2,time_cooldown,21.0,cape,0.5,0.12429614446232118,0.6594750022195697,0.36271438919518917,0.3426832465569297,0.8985555343675206,0.21194764950743392,22,5,0.8995035200079762,-0.02067104867086611,0.13434599398138852,6.4992345633018855
8,EMA_N100_th5_bL2_sL0,sl30_rec10_composite05,0.3,recovery_trigger,0.1,composite,0.5,0.12802271489561123,0.6898205874734589,0.3961438285319277,0.32317230681101744,0.9370291022831574,0.20543390007077858,20,2,0.8945774720372176,-0.016944478237576055,0.10091655464464999,5.955719216001444
8,EMA_N100_th5_bL2_sL0,sl30_rec10_cape05,0.3,recovery_trigger,0.1,cape,0.5,0.1213535240361805,0.648987501955348,0.41422203036949984,0.2929673342770521,0.8768735924960138,0.21109050367456986,20,2,0.9084663167653092,-0.023613669097006795,0.08283835280707785,3.5080678257483595
9,SMA_N100_th0_bL3_sL0,sl20_cool21_composite05,0.2,time_cooldown,21.0,composite,0.5,0.14487305962802033,0.6166732713007727,0.46963093341742196,0.30848278790710076,0.8376699527647816,0.2867419585322972,160,13,0.8613660119899431,-0.03184698812567066,0.03261949508530265,1.0242568294553827
9,SMA_N100_th0_bL3_sL0,sl20_cool21_cape05,0.2,time_cooldown,21.0,cape,0.5,0.1252601107230662,0.5554737868908862,0.596409934174123,0.21002351494449834,0.7527861732900212,0.2879224538450337,160,16,0.8563617169244315,-0.05145993703062479,-0.09415950567139841,-1.829763328613525
9,SMA_N100_th0_bL3_sL0,sl30_rec10_composite05,0.3,recovery_trigger,0.1,composite,0.5,0.1396709440694437,0.6032855827590392,0.44186202269112046,0.316096285484755,0.8193868560002818,0.28443303447184876,154,6,0.8423203315359274,-0.0370491036842473,0.06038840581160415,1.629955918131438
9,SMA_N100_th0_bL3_sL0,sl30_rec10_cape05,0.3,recovery_trigger,0.1,cape,0.5,0.13467599466536462,0.5818459458536647,0.4702466102587725,0.2863943975933258,0.7837844383679681,0.29070019398918806,152,6,0.8501174386383777,-0.04204405308832637,0.0320038182439521,0.7611972655613936
10,SMA_N200_th0_bL2_sL0,sl20_cool21_composite05,0.2,time_cooldown,21.0,composite,0.5,0.1339063876735671,0.7212981239116627,0.33049046361964324,0.4051747400120993,0.9882670740434305,0.202944029011099,80,4,0.8909785503250346,0.0013906204220801577,0.059153482737465124,42.537475933929166
10,SMA_N200_th0_bL2_sL0,sl20_cool21_cape05,0.2,time_cooldown,21.0,cape,0.5,0.12941719504995275,0.6859777763130163,0.323248252392435,0.4003647168765993,0.9374166162661528,0.20967262514884116,82,5,0.9136973024661358,-0.0030985722015342,0.06639569396467337,21.427835030533995
10,SMA_N200_th0_bL2_sL0,sl30_rec10_composite05,0.3,recovery_trigger,0.1,composite,0.5,0.10976217965101576,0.6152372558657324,0.37039466730111886,0.2963384447481331,0.8349406521563388,0.20296626474679577,86,3,0.8772218482969499,-0.022753587600471192,0.0192492790559895,0.8459887466533355
10,SMA_N200_th0_bL2_sL0,sl30_rec10_cape05,0.3,recovery_trigger,0.1,cape,0.5,0.11618034680372258,0.6287559083395172,0.37039466730111886,0.31366635931956255,0.854848479446167,0.2101854003205349,88,2,0.9103872900632104,-0.01633542044776437,0.0192492790559895,1.1783767132007865
11,SMA_N150_th0_bL2_sL0,sl20_cool21_composite05,0.2,time_cooldown,21.0,composite,0.5,0.14235970076600934,0.7690122717506013,0.31920261852794407,0.44598537888731854,1.0539745018773983,0.19897095700382728,110,7,0.8910065520827689,0.009142820474539626,0.10739714977026071,11.746610367045248
11,SMA_N150_th0_bL2_sL0,sl20_cool21_cape05,0.2,time_cooldown,21.0,cape,0.5,0.14420222697331875,0.7625659396528344,0.28388173632944014,0.5079658481656404,1.0436159801721454,0.20417442682219875,108,7,0.9108128035267684,0.010985346681849029,0.14271803196876465,12.991673007878408
11,SMA_N150_th0_bL2_sL0,sl30_rec10_composite05,0.3,recovery_trigger,0.1,composite,0.5,0.12795193260778914,0.702445507285359,0.3193773958312535,0.40062926893985296,0.9580209682298578,0.2000795406847741,118,2,0.8941052712304423,-0.005264947683680576,0.10722237246695127,20.365325338236815
11,SMA_N150_th0_bL2_sL0,sl30_rec10_cape05,0.3,recovery_trigger,0.1,cape,0.5,0.10926945374064734,0.608284366971397,0.4965419096336862,0.22006088835735674,0.822985869006067,0.20542660784858185,118,2,0.8906586837875865,-0.02394742655082238,-0.06994214133548143,-2.9206537573900415
12,EMA_N100_th5_bL1_sL0,sl20_cool21_composite05,0.2,time_cooldown,21.0,composite,0.5,0.07460117247164777,0.7451808748070828,0.22517127125729292,0.3313085726038488,1.0127538863374095,0.1037978370396556,22,2,0.8949908048767693,-0.013242553378991717,0.05750034702882012,4.3420891261076555
12,EMA_N100_th5_bL1_sL0,sl20_cool21_cape05,0.2,time_cooldown,21.0,cape,0.5,0.0734030192147559,0.7233622737331309,0.2140529754870211,0.3429198732124451,0.9800645874520737,0.10566061983088278,22,2,0.904515755690408,-0.014440706635883593,0.06861864279909194,4.751751041640998
12,EMA_N100_th5_bL1_sL0,sl30_rec10_composite05,0.3,recovery_trigger,0.1,composite,0.5,0.07889809685773996,0.7721030792639882,0.2450633671687765,0.32194977882354164,1.0577050239069044,0.10558757813700595,18,0,0.9066434958451297,-0.008945628992899524,0.03760825111733654,4.2040924285131425
12,EMA_N100_th5_bL1_sL0,sl30_rec10_cape05,0.3,recovery_trigger,0.1,cape,0.5,0.07872062259324175,0.7575556028928906,0.22853631985076286,0.3444556324554772,1.0350794718951877,0.10769965269528173,18,0,0.9169563107010278,-0.009123103257397736,0.05413529843535017,5.9338688720258626
13,SMA_N200_th2_bL1_sL0,sl20_cool21_composite05,0.2,time_cooldown,21.0,composite,0.5,0.07669322140942647,0.7625007933415711,0.17499805667293855,0.43825184614913615,1.041563828544261,0.10402156386935017,26,0,0.8967031925578646,-0.007854344598680951,0.060209195341321936,7.665718582226885
13,SMA_N200_th2_bL1_sL0,sl20_cool21_cape05,0.2,time_cooldown,21.0,cape,0.5,0.07840795830834191,0.7602058930941537,0.16218773784736698,0.483439496407125,1.0387382855612193,0.10682006137801883,26,0,0.9157426414446977,-0.006139607699765515,0.0730195141668935,11.893188903532433
13,SMA_N200_th2_bL1_sL0,sl30_rec10_composite05,0.3,recovery_trigger,0.1,composite,0.5,0.07669322140942647,0.7625007933415711,0.17499805667293855,0.43825184614913615,1.041563828544261,0.10402156386935017,26,0,0.8967031925578646,-0.007854344598680951,0.060209195341321936,7.665718582226885
13,SMA_N200_th2_bL1_sL0,sl30_rec10_cape05,0.3,recovery_trigger,0.1,cape,0.5,0.07840795830834191,0.7602058930941537,0.16218773784736698,0.483439496407125,1.0387382855612193,0.10682006137801883,26,0,0.9157426414446977,-0.006139607699765515,0.0730195141668935,11.893188903532433
14,SMA_N200_th0_bL3_sL0,sl20_cool21_composite05,0.2,time_cooldown,21.0,composite,0.5,0.14865247867447717,0.6273525802698807,0.43816243532358046,0.33926340254316456,0.8545714683218498,0.28734584154770576,76,16,0.8454313300112712,-0.029585046295407924,0.08606784640427356,2.9091672037583622
14,SMA_N200_th0_bL3_sL0,sl20_cool21_cape05,0.2,time_cooldown,21.0,cape,0.5,0.16942702209739435,0.6821640220460651,0.43816243532358046,0.3866762835848159,0.9292635399712313,0.2931204242137269,80,15,0.8627390458991295,-0.008810502872490744,0.08606784640427356,9.768777974411128
14,SMA_N200_th0_bL3_sL0,sl30_rec10_composite05,0.3,recovery_trigger,0.1,composite,0.5,0.18506476429510688,0.711549963057461,0.46807124698835095,0.3953773394239545,0.9742759009569396,0.3043373221397793,76,4,0.8918148332969695,0.006827239325221779,0.056159034739503066,8.225731084603332
14,SMA_N200_th0_bL3_sL0,sl30_rec10_cape05,0.3,recovery_trigger,0.1,cape,0.5,0.17981122741557032,0.6937134438808767,0.39357249042370857,0.4568693996422129,0.9467443915693501,0.3071029816462567,72,5,0.8860638214274146,0.001573702445685221,0.13065779130414545,83.02572806084346
15,SMA_N100_th0_bL2_sL0,sl20_cool21_composite05,0.2,time_cooldown,21.0,composite,0.5,0.11958725898828426,0.6800005035249725,0.3172263518625442,0.376977695220295,0.9276367279522731,0.19394389817535157,166,6,0.8818421985865457,-0.0066557211288023055,0.04961590802271615,7.45462543615383
15,SMA_N100_th0_bL2_sL0,sl20_cool21_cape05,0.2,time_cooldown,21.0,cape,0.5,0.11598412390774548,0.6481598996941204,0.3327873742691656,0.3485232099398549,0.878641103234685,0.20057323221734139,164,6,0.9124531694670177,-0.010258856209341083,0.034054885616094765,3.319559697609026
15,SMA_N100_th0_bL2_sL0,sl30_rec10_composite05,0.3,recovery_trigger,0.1,composite,0.5,0.1075018082191963,0.6189043511073065,0.4001168258529115,0.26867604977631077,0.8400822062769618,0.19631298132574124,172,1,0.8968384660438106,-0.018741171897890263,-0.033274565967651104,-1.7754794710248027
15,SMA_N100_th0_bL2_sL0,sl30_rec10_cape05,0.3,recovery_trigger,0.1,cape,0.5,0.1041842102593078,0.5932954922286389,0.3362648366157153,0.30982784672894564,0.8026048412249402,0.20152674518498914,168,2,0.9088070626588233,-0.02205876985777877,0.030577423269545045,1.3861798942864563
16,EMA_N150_th2_bL1_sL0,sl20_cool21_composite05,0.2,time_cooldown,21.0,composite,0.5,0.07707780356238803,0.7568812234297446,0.27160323634343825,0.2837882368416417,1.0372064342275056,0.10546097970904059,39,1,0.8997414581110932,-0.00989436672771582,0.03591511677382958,3.6298550237909795
16,EMA_N150_th2_bL1_sL0,sl20_cool21_cape05,0.2,time_cooldown,21.0,cape,0.5,0.07929080424230728,0.7575293454113065,0.23679292539567903,0.33485292734068384,1.0377761101246608,0.1085161028212827,39,1,0.91928244054507,-0.007681366047796567,0.0707254277215888,9.207402339832079
16,EMA_N150_th2_bL1_sL0,sl30_rec10_composite05,0.3,recovery_trigger,0.1,composite,0.5,0.07707780356238803,0.7568812234297446,0.27160323634343825,0.2837882368416417,1.0372064342275056,0.10546097970904059,39,0,0.8997414581110932,-0.00989436672771582,0.03591511677382958,3.6298550237909795
16,EMA_N150_th2_bL1_sL0,sl30_rec10_cape05,0.3,recovery_trigger,0.1,cape,0.5,0.07929080424230728,0.7575293454113065,0.23679292539567903,0.33485292734068384,1.0377761101246608,0.1085161028212827,39,0,0.91928244054507,-0.007681366047796567,0.0707254277215888,9.207402339832079
17,SMA_N150_th5_bL1_sL0,sl20_cool21_composite05,0.2,time_cooldown,21.0,composite,0.5,0.07565483775190929,0.7510143492342511,0.18154720101865057,0.4167226887961614,1.0240936015620719,0.1043777839860411,17,0,0.9003390850874209,-0.007673240153722061,0.05776253156817268,7.527788836395769
17,SMA_N150_th5_bL1_sL0,sl20_cool21_cape05,0.2,time_cooldown,21.0,cape,0.5,0.07576530153453587,0.7338018775906847,0.17547064314407002,0.4317833466440813,0.9977398072218856,0.10740852037517548,17,0,0.9160219987790558,-0.007562776371095481,0.06383908944275324,8.441224004287996
17,SMA_N150_th5_bL1_sL0,sl30_rec10_composite05,0.3,recovery_trigger,0.1,composite,0.5,0.07565483775190929,0.7510143492342511,0.18154720101865057,0.4167226887961614,1.0240936015620719,0.1043777839860411,17,0,0.9003390850874209,-0.007673240153722061,0.05776253156817268,7.527788836395769
17,SMA_N150_th5_bL1_sL0,sl30_rec10_cape05,0.3,recovery_trigger,0.1,cape,0.5,0.07576530153453587,0.7338018775906847,0.17547064314407002,0.4317833466440813,0.9977398072218856,0.10740852037517548,17,0,0.9160219987790558,-0.007562776371095481,0.06383908944275324,8.441224004287996
18,EMA_N150_th2_bL2_sL0,sl20_cool21_composite05,0.2,time_cooldown,21.0,composite,0.5,0.13091940519819412,0.7004390702308083,0.45941593490748783,0.2849692299518458,0.9564153474243149,0.20617256428586067,41,5,0.8883588745629293,-0.012479013335868983,0.06701379479785158,5.370119655632617
18,EMA_N150_th2_bL2_sL0,sl20_cool21_cape05,0.2,time_cooldown,21.0,cape,0.5,0.12898571005257353,0.6797064911362862,0.421010608826014,0.30637163850157967,0.92628578662915,0.211674961508841,43,7,0.8997773459308052,-0.014412708481489567,0.10541912087932542,7.314317153831052
18,EMA_N150_th2_bL2_sL0,sl30_rec10_composite05,0.3,recovery_trigger,0.1,composite,0.5,0.11164337451315842,0.6138074332607225,0.472673083393869,0.23619575227669193,0.8320439090325253,0.20784117703764496,41,3,0.8880966255055619,-0.03175504402090468,0.053756646311470424,1.6928537802083305
18,EMA_N150_th2_bL2_sL0,sl30_rec10_cape05,0.3,recovery_trigger,0.1,cape,0.5,0.11462340081039724,0.6170692943634277,0.41991621940274143,0.27296730993965723,0.8365576285532764,0.21281926539103893,41,3,0.902869136232408,-0.028775017723665863,0.10651351030259798,3.7015966879838444
19,SMA_N150_th5_bL2_sL0,sl20_cool21_composite05,0.2,time_cooldown,21.0,composite,0.5,0.12370347715499208,0.6745084756015455,0.3362212825260479,0.3679228043674138,0.9144877934116554,0.2039932684636121,23,6,0.881262382750383,-0.010420149290637282,0.09641834074880812,9.253067116364829
19,SMA_N150_th5_bL2_sL0,sl20_cool21_cape05,0.2,time_cooldown,21.0,cape,0.5,0.1203054030368671,0.6458493066338865,0.32598705813774465,0.36904962952864373,0.8721879494831931,0.2104900688996954,19,6,0.9065343871124165,-0.013818223408762265,0.10665256513711135,7.718254509438744
19,SMA_N150_th5_bL2_sL0,sl30_rec10_composite05,0.3,recovery_trigger,0.1,composite,0.5,0.11441984360525304,0.6287000109486353,0.35709483998555314,0.32041864175321627,0.8526141366590685,0.20646454168325037,19,1,0.89124138611178,-0.019703782840376327,0.07554478328930286,3.8340243546786885
19,SMA_N150_th5_bL2_sL0,sl30_rec10_cape05,0.3,recovery_trigger,0.1,cape,0.5,0.11197494904715488,0.6072790893069842,0.3422197630809734,0.327201877644513,0.8207490731099624,0.21213637962121415,19,1,0.9062783605682191,-0.02214867739847448,0.0904198601938826,4.082404496085639
20,SMA_N200_th2_bL3_sL0,sl20_cool21_composite05,0.2,time_cooldown,21.0,composite,0.5,0.1385821230668085,0.598504954441528,0.4086111586719825,0.3391540346504755,0.8097104697312772,0.28586510129394477,39,17,0.8280345469333638,-0.043277960242279034,0.16572602810670156,3.8293400885562243
20,SMA_N200_th2_bL3_sL0,sl20_cool21_cape05,0.2,time_cooldown,21.0,cape,0.5,0.13255028229447685,0.5738420686843774,0.4919268550179691,0.26945120182478155,0.775076105561537,0.29224208994790013,39,18,0.8441580696537921,-0.04930980101461069,0.08241033176071494,1.6712769077347611
20,SMA_N200_th2_bL3_sL0,sl30_rec10_composite05,0.3,recovery_trigger,0.1,composite,0.5,0.17764435996822892,0.6913268968859267,0.38826030401432915,0.4575393315554422,0.9475594430821748,0.30400999514584687,28,6,0.8691109452374625,-0.004215723340858624,0.1860768827643549,44.138779449995006
20,SMA_N200_th2_bL3_sL0,sl30_rec10_cape05,0.3,recovery_trigger,0.1,cape,0.5,0.16927298685898373,0.6582490053215462,0.4219325097493101,0.4011849832561059,0.8939712469260289,0.3128824429810738,28,6,0.8922026360174935,-0.012587096450103807,0.15240467702937394,12.10800899425197
