timestamp	system_id	status	sha256	note
2026-05-03T00:07:04Z	10062918	DONE	42703ae0d30db4dd1415d241509052c673ffff0cd0345cc3fcbc0ba7fae2f29b	family=UNCATEGORIZED
2026-05-03T00:10:47Z	10224499	DONE	8c67aa6645d48aa145b7afc3ab3c3a8e34cc9e4a7aa8228068fd1fd1e1d68e0b	family=LATE_NY_BREAKOUT
2026-05-03T00:17:08Z	10281851	DONE	2300a8bf5a8e6b955f5d292dc6fd04074f96598060fc053563a12944615eb9d7	family=H1_MOMENTUM_GOLD
2026-05-03T00:22:45Z	10563761	DONE	7a7bb858e27683ce0b2c992abeb6a98f02b3e3d520a3b2389e3918338e58ba7c	family=UNCATEGORIZED
2026-05-03T00:28:37Z	10734338	DONE	db9c8a5f5310e3dedc8aae000c46ea8472e4d1639bf5fc1ced19da319e6cef57	family=UNCATEGORIZED
2026-05-03T00:37:31Z	11155858	DONE	78aa2ec5b715362bce0f6939f3c4d57d05ac01cb7d83ee4c7871bc5bcbe8aa58	family=UNCATEGORIZED
2026-05-03T00:43:09Z	11171596	DONE	14f058f41dcce05ddc69f8dd4d54f7ab11fa5c456db715b554ef1457592d0f6c	family=UNCATEGORIZED
2026-05-03T00:50:02Z	11206045	DONE	3ac25244cc11e8e21ca28ff9504ddd3afd90ca4cd38dac16feeab8c6d226219c	family=UNCATEGORIZED
2026-05-03T00:56:14Z	11207608	DONE	643971c21df6b46e49be5f93a88b2bac26cc7515521969ad23865f43d60f2e04	family=H1_MOMENTUM_GOLD
2026-05-03T01:02:54Z	11355455	DONE	f9ec7bfd736186d8e3ec072c5d7dfd24083a85ee2b2b8eb2d5f103ca5e25d396	family=H1_MOMENTUM_GOLD
2026-05-03T01:38:16Z	1152318	DONE	ea7e0005ffb9b6d7ca29a525ef5f313f5eb3d84785bae55a4f7d8e37705130da	family=UNCATEGORIZED
2026-05-03T01:44:49Z	11628637	DONE	000d2fd3665720d1fa6b30212e5e4db94c63f9facb2102158adb62c8724f2daa	family=UNCATEGORIZED
2026-05-03T01:50:20Z	1407880	DONE	19df4f6b3acf8772a9d98e998d16ab2f3fbeb7d4ee29b2537ec9ae8be7046f2f	family=LATE_NY_BREAKOUT
2026-05-03T01:57:12Z	1603276	DONE	4fc3dc067d5c838b45b3ec61090eae344b57090f1c0af492cb729803c9768967	family=UNCATEGORIZED
2026-05-03T02:02:09Z	1612420	DONE	934b5761b178b0ec7c1d20e39e03a5be0f5991dbd6fcd61527e6b289fdbf6c58	family=NEWS_RELEASE_MOMENTUM
2026-05-03T02:08:54Z	2373850	DONE	dfa52ade49d91914ab955b06b98f69b598173c93ff183e62f6da7468557e1b41	family=UNCATEGORIZED
2026-05-03T02:15:43Z	2421356	DONE	92ef3f4e3fa70ac108bfc43facb048d16b6e762f39a2d8f86c91f46362f846f8	family=H1_MOMENTUM_GOLD
2026-05-03T02:21:14Z	6541963	DONE	07c56760ba9a8242000e6c8e457fca9da5abe4794140c90de9f47c44bbb1c1d1	family=H1_MOMENTUM_GOLD
2026-05-03T02:26:21Z	8577442	DONE	379d3ab52c93cb761092eb8387b63d81e8c78aaf822d80dcd7d9b7ce4c29db66	family=SWING_TREND_MOMENTUM
2026-05-03T02:34:13Z	8647517	DONE	bc37991c17a9e9e5f449653832da2df8ffae2db9a0ee05729ac0a081b4008ba5	family=H1_MOMENTUM_GOLD
2026-05-03T02:43:16Z	9375654	DONE	ff82fc2ba5e89db832f813e55618c153e98e710210801be9a0d8e6dc09e9d734	family=OVERLAP_NY_LONDON_RANGE
2026-05-03T02:50:04Z	9841939	DONE	b954b734492d87f8b3a232150630e37bce5e120f8d6b6d87626b9050fdfb2746	family=UNCATEGORIZED
2026-05-03T02:55:56Z	9830783	DONE	4dc04f947d7e1c33466b886dfee54709c65a2a4fea9ef42cdfbab34dfd6ec790	family=UNCATEGORIZED
2026-05-03T03:06:23Z	9912554	DONE	6d93086d177b1b225d00c4b42996c6eab99bcdb39a62c416038ba36c7dec856d	family=UNCATEGORIZED
2026-05-03T03:11:56Z	9843883	DONE	1a0edd56cf66d7cf7a5acb5a7bc180beb91019e38845cf48684c23123eb99e0a	family=UNCATEGORIZED
