base_rank,base_cfg_id,indicator,lambda_de_lever,cagr,sharpe,max_drawdown,calmar,sortino,volatility,n_switches,mean_position,delta_cagr,delta_mdd,effectiveness
1,EMA_N150_th5_bL2_sL0,ebp,0.0,0.1509971770731895,0.7067148737997075,0.3910799294397589,0.3861031101480977,0.9572699125507133,0.24027052938645124,15,1.0,0.0,0.0,0.0
1,EMA_N150_th5_bL2_sL0,ebp,0.3,0.15040321540329615,0.7209505042894858,0.37796178574801687,0.3979323335708028,0.9792039569128649,0.2320550974585276,15,0.9695866664352211,-0.0005939616698933392,0.013118143691742024,13.118143691742024
1,EMA_N150_th5_bL2_sL0,ebp,0.5,0.14984042502174377,0.7296018106282808,0.3694316060848377,0.405597200006038,0.9925662207629306,0.22701683609410475,15,0.9493111107253688,-0.0011567520514457197,0.021648323354921173,18.714748184682183
1,EMA_N150_th5_bL2_sL0,ebp,0.7,0.14914603344701294,0.7373867392324681,0.3610762132688019,0.41305970309371143,1.00458944643189,0.222357605657135,15,0.9290355550155162,-0.0018511436261765546,0.030003716170956984,16.208205428623696
1,EMA_N150_th5_bL2_sL0,term_spread,0.0,0.1509971770731895,0.7067148737997075,0.3910799294397589,0.3861031101480977,0.9572699125507133,0.24027052938645124,15,1.0,0.0,0.0,0.0
1,EMA_N150_th5_bL2_sL0,term_spread,0.3,0.13779924619520512,0.7014000564734114,0.3317896996826677,0.41532104922786905,0.9520729398582957,0.2183466181607207,15,0.9010339581806037,-0.013197930877984376,0.059290229757091195,4.4923882618595865
1,EMA_N150_th5_bL2_sL0,term_spread,0.5,0.1283501684202304,0.6911550764990336,0.293497402151341,0.4373127921386065,0.9398855510451103,0.20551882509292194,15,0.8350565969676729,-0.0226470086529591,0.09758252728841788,4.30884841277559
1,EMA_N150_th5_bL2_sL0,term_spread,0.7,0.11840039643527289,0.6733756589078715,0.2713468332731452,0.4363433875643863,0.9177087848967271,0.19445672934160352,15,0.769079235754742,-0.0325967806379166,0.1197330961666137,3.673157097831314
1,EMA_N150_th5_bL2_sL0,cape,0.0,0.1509971770731895,0.7067148737997075,0.3910799294397589,0.3861031101480977,0.9572699125507133,0.24027052938645124,15,1.0,0.0,0.0,0.0
1,EMA_N150_th5_bL2_sL0,cape,0.3,0.13737168838160452,0.7049683782853624,0.3537143318449188,0.388369019895505,0.9566481388122212,0.21598980090330067,15,0.880196056986606,-0.013625488691584975,0.037365597594840094,2.742330821346384
1,EMA_N150_th5_bL2_sL0,cape,0.5,0.1274769111166265,0.6957142138256225,0.327975701783128,0.3886779124903584,0.9457384018778723,0.20205824760506444,15,0.8003267616443434,-0.02352026595656298,0.06310422765663087,2.6829725383705783
1,EMA_N150_th5_bL2_sL0,cape,0.7,0.11695793309847602,0.6769049163389598,0.3015686321406546,0.38783189175963656,0.9222049985843519,0.19040135029180957,15,0.7204574663020807,-0.03403924397471347,0.08951129729910429,2.629649981815078
1,EMA_N150_th5_bL2_sL0,vix,0.0,0.1509971770731895,0.7067148737997075,0.3910799294397589,0.3861031101480977,0.9572699125507133,0.24027052938645124,15,1.0,0.0,0.0,0.0
1,EMA_N150_th5_bL2_sL0,vix,0.3,0.14507026058273786,0.7200629107683577,0.33532113266869656,0.43263083190784146,0.9799306471713386,0.22290297392772726,15,0.9676418367968401,-0.005926916490451628,0.055758796771062324,9.407724380947627
1,EMA_N150_th5_bL2_sL0,vix,0.5,0.14054413465636695,0.7250031150781282,0.32752264583036866,0.42911272379363324,0.9895423650751897,0.21283370962732975,15,0.9460697279947337,-0.010453042416822544,0.06355728360939022,6.0802664980202
1,EMA_N150_th5_bL2_sL0,vix,0.7,0.13557353828295038,0.7253580970867929,0.3197051693756478,0.42405801115981934,0.9925024989568524,0.2041833424296241,15,0.9244976191926272,-0.015423638790239114,0.07137476006411109,4.6276213437571405
1,EMA_N150_th5_bL2_sL0,composite,0.0,0.1509971770731895,0.7067148737997075,0.3910799294397589,0.3861031101480977,0.9572699125507133,0.24027052938645124,15,1.0,0.0,0.0,0.0
1,EMA_N150_th5_bL2_sL0,composite,0.3,0.14282738791928917,0.7142872584512896,0.3429148113785321,0.41650982453956137,0.9702892565304398,0.22157969305509023,15,0.9295508653639352,-0.00816978915390032,0.04816511806122681,5.895515435454342
1,EMA_N150_th5_bL2_sL0,composite,0.5,0.13704621786995275,0.7182152356797888,0.3094905283151457,0.4428123167969857,0.9776932919877969,0.20966428133489337,15,0.8825847756065587,-0.013950959203236746,0.08158940112461321,5.8483004599198996
1,EMA_N150_th5_bL2_sL0,composite,0.7,0.13100430247797012,0.7206912461719617,0.2884440714893499,0.4541757499176305,0.9833018356956689,0.1982771564707661,15,0.8356186858491821,-0.019992874595219368,0.10263585795040897,5.133621854205544
2,SMA_N150_th2_bL2_sL0,ebp,0.0,0.15095374766323366,0.725816976251326,0.43428298234139096,0.3475930529199704,0.9926179126639857,0.23061341306891905,34,1.0,0.0,0.0,0.0
2,SMA_N150_th2_bL2_sL0,ebp,0.3,0.14927350730286326,0.7395007384789251,0.4265215669274447,0.34997880266217835,1.0124178281176013,0.22156132723911584,34,0.9643016640355827,-0.0016802403603703997,0.00776141541394626,4.619229246603324
2,SMA_N150_th2_bL2_sL0,ebp,0.5,0.1479468607265011,0.7471853615794768,0.42135489150137706,0.3511217354077343,1.023500195007791,0.21612556051732992,34,0.9405027733926378,-0.003006886936732567,0.012928090840013895,4.299493500098877
2,SMA_N150_th2_bL2_sL0,ebp,0.7,0.1464570518930266,0.7533970243097177,0.4161954592425417,0.35189488169710526,1.032398297991146,0.21121260094903518,34,0.9167038827496929,-0.00449669577020706,0.018087523098849256,4.022403120684408
2,SMA_N150_th2_bL2_sL0,term_spread,0.0,0.15095374766323366,0.725816976251326,0.43428298234139096,0.3475930529199704,0.9926179126639857,0.23061341306891905,34,1.0,0.0,0.0,0.0
2,SMA_N150_th2_bL2_sL0,term_spread,0.3,0.1353486329439728,0.7109174984214623,0.39685911653954214,0.34104957478150055,0.9732190753084117,0.20967512711015565,34,0.8996363851211001,-0.015605114719260849,0.03742386580184881,2.398179473532344
2,SMA_N150_th2_bL2_sL0,term_spread,0.5,0.12438334769412362,0.6929378011988484,0.3713884308633978,0.33491443824719913,0.9495145272629839,0.19748878047838833,34,0.8327273085351666,-0.026570399969110037,0.06289455147799317,2.367090881248025
2,SMA_N150_th2_bL2_sL0,term_spread,0.7,0.11298818213997275,0.666313712315247,0.34554324960060373,0.32698709140048365,0.9141450468621188,0.1870487781691522,34,0.7658182319492335,-0.037965565523260913,0.08873973274078722,2.33737418415163
2,SMA_N150_th2_bL2_sL0,cape,0.0,0.15095374766323366,0.725816976251326,0.43428298234139096,0.3475930529199704,0.9926179126639857,0.23061341306891905,34,1.0,0.0,0.0,0.0
2,SMA_N150_th2_bL2_sL0,cape,0.3,0.13605828601926606,0.7155833838021338,0.3957406649285463,0.34380668472327025,0.9798718066066703,0.20898999925575212,34,0.8847763465609084,-0.0148954616439676,0.03854231741284464,2.587520839171413
2,SMA_N150_th2_bL2_sL0,cape,0.5,0.12545354025320576,0.6997322916390994,0.3688022403094806,0.34016479983400144,0.9591990353746307,0.1967336169667703,34,0.8079605776015139,-0.025500207410027897,0.06548074203191034,2.567851350344711
2,SMA_N150_th2_bL2_sL0,cape,0.7,0.11433141587409446,0.6739860667677007,0.34083160502002624,0.33544839794823805,0.9250488700007251,0.18660913724842085,34,0.7311448086421194,-0.036622331789139206,0.09345137732136471,2.5517593434364234
2,SMA_N150_th2_bL2_sL0,vix,0.0,0.15095374766323366,0.725816976251326,0.43428298234139096,0.3475930529199704,0.9926179126639857,0.23061341306891905,34,1.0,0.0,0.0,0.0
2,SMA_N150_th2_bL2_sL0,vix,0.3,0.14102788275991007,0.7151417707196054,0.42307492414228365,0.3333402069286461,0.9793431745750629,0.21787268674229576,34,0.9714353278501242,-0.009925864903323589,0.011208058199107307,1.1291769844010657
2,SMA_N150_th2_bL2_sL0,vix,0.5,0.13411858431362567,0.70413473513486,0.41549908616273296,0.3227891198323773,0.9650919182597049,0.2103210330161057,34,0.9523922130835406,-0.016835163349607996,0.018783896178658,1.115753722644775
2,SMA_N150_th2_bL2_sL0,vix,0.7,0.1269837271051737,0.6894083085349746,0.40783936429449363,0.31135721125114585,0.9456329087170349,0.2036221917054626,34,0.9333490983169569,-0.023970020558059968,0.02644361804689732,1.1031954679740816
2,SMA_N150_th2_bL2_sL0,composite,0.0,0.15095374766323366,0.725816976251326,0.43428298234139096,0.3475930529199704,0.9926179126639857,0.23061341306891905,34,1.0,0.0,0.0,0.0
2,SMA_N150_th2_bL2_sL0,composite,0.3,0.1405702177434438,0.7227512327341624,0.41058369103219616,0.34236678371236356,0.9895721652665832,0.2138127117544758,34,0.9299748205030913,-0.010383529919789858,0.023699291309194792,2.2823925478393017
2,SMA_N150_th2_bL2_sL0,composite,0.5,0.1334057344214985,0.7187616137441222,0.3943517473460356,0.3382912217818517,0.9849554008995559,0.20308112188474725,34,0.8832913675051521,-0.01754801324173516,0.039931234995355336,2.2755416493751692
2,SMA_N150_th2_bL2_sL0,composite,0.7,0.12605333240627736,0.7126650552918671,0.37776852976607866,0.3336787542475599,0.9775043260929919,0.19279804412837842,34,0.836607914507213,-0.0249004152569563,0.05651445257531229,2.269618879529495
3,EMA_N150_th5_bL1_sL0,ebp,0.0,0.09203756277042086,0.7896817305888847,0.2115073033118535,0.43515075521868657,1.0737686571307972,0.1207678785414052,15,1.0,0.0,0.0,0.0
3,EMA_N150_th5_bL1_sL0,ebp,0.3,0.09071526414980235,0.8030010741711352,0.2041206535553671,0.44441982018833837,1.0948725787235603,0.11663842610873536,15,0.9695866664352211,-0.0013222986206185006,0.0073866497564863964,5.586219059225304
3,EMA_N150_th5_bL1_sL0,ebp,0.5,0.0897960029584457,0.8108557743819774,0.1992662154012255,0.4506333538660335,1.1073970826177268,0.1141047690567138,15,0.9493111107253688,-0.002241559811975158,0.012241087910628001,5.460968672453904
3,EMA_N150_th5_bL1_sL0,ebp,0.7,0.0888468163498779,0.81767847822458,0.19446810512099633,0.45687089044549595,1.1183232290559146,0.11176060361988915,15,0.9290355550155162,-0.003190746420542956,0.01703919819085717,5.340191900288234
3,EMA_N150_th5_bL1_sL0,term_spread,0.0,0.09203756277042086,0.7896817305888847,0.2115073033118535,0.43515075521868657,1.0737686571307972,0.1207678785414052,15,1.0,0.0,0.0,0.0
3,EMA_N150_th5_bL1_sL0,term_spread,0.3,0.08276524628139592,0.7798646988365517,0.17693742004042465,0.4677656442740414,1.062053384050653,0.1097048303265981,15,0.9010339581806037,-0.009272316489024934,0.03456988327142885,3.7282898305236962
3,EMA_N150_th5_bL1_sL0,term_spread,0.5,0.07645232255049694,0.7654008977395651,0.15534537582542246,0.49214417966592233,1.0438754594807285,0.10323054160925088,15,0.8350565969676729,-0.015585240219923913,0.056161927486431035,3.6035330026312047
3,EMA_N150_th5_bL1_sL0,term_spread,0.7,0.07003722844922633,0.7421699354046558,0.14299267538489305,0.4897959161943595,1.0140652130275523,0.09764687374549084,15,0.769079235754742,-0.022000334321194526,0.06851462792696045,3.114253943902812
3,EMA_N150_th5_bL1_sL0,cape,0.0,0.09203756277042086,0.7896817305888847,0.2115073033118535,0.43515075521868657,1.0737686571307972,0.1207678785414052,15,1.0,0.0,0.0,0.0
3,EMA_N150_th5_bL1_sL0,cape,0.3,0.08295329891794223,0.7886420079216995,0.18942815285637776,0.4379143103445477,1.0743643403483478,0.10854402329283286,15,0.880196056986606,-0.009084263852478625,0.022079150455475732,2.4304831755246163
3,EMA_N150_th5_bL1_sL0,cape,0.5,0.0767242488765083,0.7790181047895671,0.17449259978704754,0.4396991561254937,1.0631478018882083,0.10152759663167756,15,0.8003267616443434,-0.01531331389391255,0.03701470352480596,2.417158283388959
3,EMA_N150_th5_bL1_sL0,cape,0.7,0.07036050062945698,0.7587889306976708,0.1593839305710246,0.441452914213977,1.0378765423781202,0.09565413043045229,15,0.7204574663020807,-0.021677062140963876,0.0521233727408289,2.404540449341131
3,EMA_N150_th5_bL1_sL0,vix,0.0,0.09203756277042086,0.7896817305888847,0.2115073033118535,0.43515075521868657,1.0737686571307972,0.1207678785414052,15,1.0,0.0,0.0,0.0
3,EMA_N150_th5_bL1_sL0,vix,0.3,0.0875682959966202,0.8056337540486093,0.17913768234930605,0.48883235982627093,1.100589350290646,0.11200334399750259,15,0.9676418367968401,-0.004469266773800662,0.032369620962547446,7.242713984383693
3,EMA_N150_th5_bL1_sL0,vix,0.5,0.08446093227584561,0.8119110524608237,0.17472041923116485,0.48340619057294665,1.1124488030828663,0.10692139942010265,15,0.9460697279947337,-0.007576630494575243,0.03678688408068864,4.855309244264652
3,EMA_N150_th5_bL1_sL0,vix,0.7,0.08125323617783353,0.8130974319633021,0.17030141376382787,0.47711427863138367,1.1169452594459939,0.10255555373661163,15,0.9244976191926272,-0.010784326592587323,0.04120588954802562,3.8209051992498777
3,EMA_N150_th5_bL1_sL0,composite,0.0,0.09203756277042086,0.7896817305888847,0.2115073033118535,0.43515075521868657,1.0737686571307972,0.1207678785414052,15,1.0,0.0,0.0,0.0
3,EMA_N150_th5_bL1_sL0,composite,0.3,0.08602835029500566,0.7970160869767176,0.1834936652530564,0.4688355326946237,1.086689673139643,0.1113478043029246,15,0.9295508653639352,-0.006009212475415193,0.028013638058797086,4.661781917914551
3,EMA_N150_th5_bL1_sL0,composite,0.5,0.08195432423051696,0.800552637895001,0.164491628698562,0.4982279334147867,1.0937245766773203,0.10534122295310522,15,0.8825847756065587,-0.010083238539903894,0.04701567461329151,4.6627553664657855
3,EMA_N150_th5_bL1_sL0,composite,0.7,0.07782701795886915,0.802374949666437,0.15229920153069476,0.511013959210966,1.098614615986221,0.09959981500250524,15,0.8356186858491821,-0.014210544811551706,0.059208101781158734,4.166490628355688
4,EMA_N150_th5_bL3_sL0,ebp,0.0,0.2024902836289757,0.6954520970757619,0.5423361717633458,0.37336673113762825,0.9423188323021148,0.3598037174080405,15,1.0,0.0,0.0,0.0
4,EMA_N150_th5_bL3_sL0,ebp,0.3,0.203653129132793,0.709842918007053,0.5253838901558925,0.3876272815909236,0.9644395076162309,0.34752212447524644,15,0.9695866664352211,0.0011628455038172891,0.016952281607453323,14.578275060447696
4,EMA_N150_th5_bL3_sL0,ebp,0.5,0.2040246593401105,0.7186296934150592,0.5144409896535082,0.39659487374349267,0.9779782781182863,0.3399887784811662,15,0.9493111107253688,0.0015343757111347944,0.027895182109837657,18.180150993922425
4,EMA_N150_th5_bL3_sL0,ebp,0.7,0.20407938442878426,0.7265791838053866,0.5037926397334258,0.40508607774970623,0.9902260895592666,0.3330207495240507,15,0.9290355550155162,0.0015891007998085627,0.03854353202992,24.254932119198042
4,EMA_N150_th5_bL3_sL0,term_spread,0.0,0.2024902836289757,0.6954520970757619,0.5423361717633458,0.37336673113762825,0.9423188323021148,0.3598037174080405,15,1.0,0.0,0.0,0.0
4,EMA_N150_th5_bL3_sL0,term_spread,0.3,0.18760550714215585,0.6918019725953533,0.46759286604196254,0.40121550341471596,0.9395573492518166,0.32686234793939123,15,0.9010339581806037,-0.01488477648681985,0.07474330572138327,5.021459730185862
4,EMA_N150_th5_bL3_sL0,term_spread,0.5,0.17603070204837956,0.6829259910178138,0.413420974539183,0.42579044820982065,0.9293597330821889,0.307582175341704,15,0.8350565969676729,-0.026459581580596137,0.12891519722416284,4.872155549077219
4,EMA_N150_th5_bL3_sL0,term_spread,0.7,0.16319493157107479,0.6667358974520107,0.3881968134741699,0.4203922492576915,0.9094737524243779,0.2909513459512493,15,0.769079235754742,-0.03929535205790091,0.1541393582891759,3.9225849933105232
4,EMA_N150_th5_bL3_sL0,cape,0.0,0.2024902836289757,0.6954520970757619,0.5423361717633458,0.37336673113762825,0.9423188323021148,0.3598037174080405,15,1.0,0.0,0.0,0.0
4,EMA_N150_th5_bL3_sL0,cape,0.3,0.18659313155420776,0.6932175902720399,0.4958660546723264,0.37629744927288983,0.9410386613929865,0.3233536396680461,15,0.880196056986606,-0.01589715207476794,0.04647011709101939,2.9231724570828668
4,EMA_N150_th5_bL3_sL0,cape,0.5,0.17397106502015247,0.6836807200801481,0.4631613641753098,0.3756165312491463,0.9297346722321727,0.30244120130373636,15,0.8003267616443434,-0.028519218608823227,0.07917480758803602,2.776191335184094
4,EMA_N150_th5_bL3_sL0,cape,0.7,0.15980619263263995,0.6646566208864287,0.4290498477478224,0.372465328845816,0.9058829420240281,0.28494714372892993,15,0.7204574663020807,-0.042684090996335744,0.11328632401552341,2.6540643450799637
4,EMA_N150_th5_bL3_sL0,vix,0.0,0.2024902836289757,0.6954520970757619,0.5423361717633458,0.37336673113762825,0.9423188323021148,0.3598037174080405,15,1.0,0.0,0.0,0.0
4,EMA_N150_th5_bL3_sL0,vix,0.3,0.1972963475438596,0.7085457622159541,0.46539345918702923,0.4239345088530165,0.9646252539347344,0.3336819923029819,15,0.9676418367968401,-0.005193936085116091,0.07694271257631657,14.813950598430749
4,EMA_N150_th5_bL3_sL0,vix,0.5,0.19239171968361046,0.7133395351902561,0.45526927062843553,0.42258885476289804,0.9740357276988155,0.3185450381046117,15,0.9460697279947337,-0.010098563945365235,0.08706690113491028,8.621711127042957
4,EMA_N150_th5_bL3_sL0,vix,0.7,0.18638773736752445,0.7135719200043658,0.44508609499846263,0.41876782820673886,0.9768288621224305,0.3055509488966774,15,0.9244976191926272,-0.016102546261451245,0.09725007676488318,6.039422286753207
4,EMA_N150_th5_bL3_sL0,composite,0.0,0.2024902836289757,0.6954520970757619,0.5423361717633458,0.37336673113762825,0.9423188323021148,0.3598037174080405,15,1.0,0.0,0.0,0.0
4,EMA_N150_th5_bL3_sL0,composite,0.3,0.1942276114692525,0.7032632409136419,0.48135098384014935,0.40350517188046936,0.955706787582336,0.3317368638032087,15,0.9295508653639352,-0.008262672159723206,0.06098518792319646,7.380806928353239
4,EMA_N150_th5_bL3_sL0,composite,0.5,0.18786213665923568,0.7073993714800785,0.43782403723821717,0.429081367583802,0.9634398355525337,0.3138440307234866,15,0.8825847756065587,-0.014628146969740019,0.10451213452512864,7.144591501666195
4,EMA_N150_th5_bL3_sL0,composite,0.7,0.18083232168017527,0.7101314968947292,0.40557546768252706,0.44586602516532303,0.9694598764637532,0.2967447565779561,15,0.8356186858491821,-0.02165796194880043,0.13676070408081875,6.314569413508159
5,SMA_N150_th2_bL3_sL0,ebp,0.0,0.20361893035943135,0.711265634276389,0.5821086001109401,0.34979543391151585,0.9723615189453335,0.3454918463489332,34,1.0,0.0,0.0,0.0
5,SMA_N150_th2_bL3_sL0,ebp,0.3,0.20325234472337583,0.7252585773323361,0.5723855458408371,0.35509692059885467,0.9926368116340566,0.33190715800854814,34,0.9643016640355827,-0.0003665856360555164,0.009723054270103004,9.723054270103004
5,SMA_N150_th2_bL3_sL0,ebp,0.5,0.20250663323318085,0.7331990383392918,0.5658913135985381,0.35785428821203946,1.0041134213051706,0.32375002076292275,34,0.9405027733926378,-0.0011122971262504944,0.016217286512402063,14.579994975865699
5,SMA_N150_th2_bL3_sL0,ebp,0.7,0.20136640698921004,0.7397097899377472,0.559390237442143,0.3599748324353571,1.0134719764520834,0.3163779873285151,34,0.9167038827496929,-0.0022525233702213043,0.02271836266879712,10.085738940220232
5,SMA_N150_th2_bL3_sL0,term_spread,0.0,0.20361893035943135,0.711265634276389,0.5821086001109401,0.34979543391151585,0.9723615189453335,0.3454918463489332,34,1.0,0.0,0.0,0.0
5,SMA_N150_th2_bL3_sL0,term_spread,0.3,0.1845543301759478,0.6978836640264882,0.5363452129778833,0.3440961636466737,0.9552547992903601,0.3140979814156037,34,0.8996363851211001,-0.01906460018348355,0.04576338713305683,2.4004378110537847
5,SMA_N150_th2_bL3_sL0,term_spread,0.5,0.17040474819127804,0.6812060676737102,0.5045815594063773,0.33771497395139316,0.9334838232997247,0.29582154597816895,34,0.8327273085351666,-0.033214182168153306,0.07752704070456284,2.3341547388421913
5,SMA_N150_th2_bL3_sL0,term_spread,0.7,0.15516440515146268,0.6561515471031862,0.4719120340577315,0.32879942437001003,0.9004070202022915,0.280159385153957,34,0.7658182319492335,-0.04845452520796867,0.1101965660532086,2.274226516104342
5,SMA_N150_th2_bL3_sL0,cape,0.0,0.20361893035943135,0.711265634276389,0.5821086001109401,0.34979543391151585,0.9723615189453335,0.3454918463489332,34,1.0,0.0,0.0,0.0
5,SMA_N150_th2_bL3_sL0,cape,0.3,0.185001678100434,0.7004762345553176,0.5379552110940984,0.3438979199107967,0.9589416101375217,0.3130324692350908,34,0.8847763465609084,-0.018617252258997352,0.04415338901684174,2.371638327858144
5,SMA_N150_th2_bL3_sL0,cape,0.5,0.17089920392658797,0.6843271307680052,0.5063300270120996,0.33752531907909944,0.9379173279892719,0.29463787373957084,34,0.8079605776015139,-0.03271972643284338,0.07577857309884051,2.315990424136785
5,SMA_N150_th2_bL3_sL0,cape,0.7,0.15551439175236403,0.6583879794742944,0.47285266829340855,0.3288855116618824,0.903549735341091,0.27944856512588706,34,0.7311448086421194,-0.048104538607067315,0.10925593181753157,2.2712187868585056
5,SMA_N150_th2_bL3_sL0,vix,0.0,0.20361893035943135,0.711265634276389,0.5821086001109401,0.34979543391151585,0.9723615189453335,0.3454918463489332,34,1.0,0.0,0.0,0.0
5,SMA_N150_th2_bL3_sL0,vix,0.3,0.1910803108056376,0.700634680994983,0.5690787117870698,0.33577132099282153,0.9593484305108759,0.3263095295132779,34,0.9714353278501242,-0.012538619553793762,0.013029888323870309,1.0391804510830625
5,SMA_N150_th2_bL3_sL0,vix,0.5,0.18197010309217654,0.6896837544516294,0.5602003973437223,0.32483037133678627,0.9452909037143286,0.31494913763653365,34,0.9523922130835406,-0.02164882726725481,0.021908202767217833,1.0119810415945876
5,SMA_N150_th2_bL3_sL0,vix,0.7,0.1722869846246382,0.6750379362170801,0.5511661669698664,0.3125862851339668,0.9260356944370839,0.3048818788616832,34,0.9333490983169569,-0.03133194573479314,0.0309424331410737,0.9875681964657911
5,SMA_N150_th2_bL3_sL0,composite,0.0,0.20361893035943135,0.711265634276389,0.5821086001109401,0.34979543391151585,0.9723615189453335,0.3454918463489332,34,1.0,0.0,0.0,0.0
5,SMA_N150_th2_bL3_sL0,composite,0.3,0.19135206225934542,0.7084857926362564,0.5540204314760943,0.3453880965175238,0.9698533890338364,0.3202667543491411,34,0.9299748205030913,-0.012266868100085926,0.028088168634845867,2.2897587555090055
5,SMA_N150_th2_bL3_sL0,composite,0.5,0.18253842509937934,0.7047367334311451,0.5344570225033191,0.3415399506669327,0.9656760684205438,0.3041557892397944,34,0.8832913675051521,-0.021080505260052007,0.047651577607621065,2.2604570915063307
5,SMA_N150_th2_bL3_sL0,composite,0.7,0.1732341759766558,0.6989294916556088,0.5142047250997471,0.33689728530411944,0.9587404213752779,0.2887202097280927,34,0.836607914507213,-0.030384754382775547,0.067903875011193,2.2348008529463783
6,SMA_N150_th2_bL1_sL0,ebp,0.0,0.08995470677249129,0.8012461137610508,0.240649700924096,0.3737993707329151,1.0994092757356906,0.11590839028869582,34,1.0,0.0,0.0,0.0
6,SMA_N150_th2_bL1_sL0,ebp,0.3,0.08804778398402457,0.8134597625395767,0.23634800161058134,0.37253449736840366,1.1172248081884968,0.1113779879923776,34,0.9643016640355827,-0.001906922788466714,0.004301699313514651,2.2558329784151816
6,SMA_N150_th2_bL1_sL0,ebp,0.5,0.08673004750629243,0.8199145812573252,0.23348883991239075,0.3714526464683927,1.1266136120998338,0.10865573475145693,34,0.9405027733926378,-0.0032246592661988593,0.0071608610117052385,2.2206566401498495
6,SMA_N150_th2_bL1_sL0,ebp,0.7,0.08537544445747813,0.8246767819385837,0.230636775903352,0.370172727758103,1.1334924622910136,0.10619352062951903,34,0.9167038827496929,-0.004579262315013155,0.010012925020743996,2.1865803555119623
6,SMA_N150_th2_bL1_sL0,term_spread,0.0,0.08995470677249129,0.8012461137610508,0.240649700924096,0.3737993707329151,1.0994092757356906,0.11590839028869582,34,1.0,0.0,0.0,0.0
6,SMA_N150_th2_bL1_sL0,term_spread,0.3,0.07963018753176199,0.7798654992654653,0.21926273387962847,0.3631724649364156,1.070566502548193,0.10537839457619187,34,0.8996363851211001,-0.010324519240729302,0.02138696704446752,2.071473406732379
6,SMA_N150_th2_bL1_sL0,term_spread,0.5,0.0726394049313066,0.7562190463588625,0.2049367273258762,0.35444796000767814,1.0387289169473746,0.09924927529560049,34,0.8327273085351666,-0.017315301841184683,0.03571297359821979,2.0625094454476094
6,SMA_N150_th2_bL1_sL0,term_spread,0.7,0.06556524954810139,0.7226472610049929,0.19056399301072904,0.34405896157103494,0.9935090665873203,0.09399801811920293,34,0.7658182319492335,-0.0243894572243899,0.050085707913366945,2.0535802602150706
6,SMA_N150_th2_bL1_sL0,cape,0.0,0.08995470677249129,0.8012461137610508,0.240649700924096,0.3737993707329151,1.0994092757356906,0.11590839028869582,34,1.0,0.0,0.0,0.0
6,SMA_N150_th2_bL1_sL0,cape,0.3,0.08055520962762719,0.7902281637149109,0.21587239527406632,0.3731612350219965,1.0857877471670838,0.10503546838634213,34,0.8847763465609084,-0.0093994971448641,0.02477730565002967,2.636024594525041
6,SMA_N150_th2_bL1_sL0,cape,0.5,0.07414706778537017,0.7729419175877018,0.19897012994237687,0.3726542662802888,1.0632726339231136,0.09887229850019828,34,0.8079605776015139,-0.01580763898712112,0.04167957098171912,2.6366727514258463
6,SMA_N150_th2_bL1_sL0,cape,0.7,0.06762862143010828,0.7447471635648624,0.18175508929861384,0.3720865351891088,1.0258557052796262,0.09378095829986528,34,0.7311448086421194,-0.022326085342383006,0.05889461162548215,2.6379282674190456
6,SMA_N150_th2_bL1_sL0,vix,0.0,0.08995470677249129,0.8012461137610508,0.240649700924096,0.3737993707329151,1.0994092757356906,0.11590839028869582,34,1.0,0.0,0.0,0.0
6,SMA_N150_th2_bL1_sL0,vix,0.3,0.08400577072932625,0.7914202955031036,0.23368147879520312,0.35948835638338433,1.0875339253677332,0.10951278610125836,34,0.9714353278501242,-0.005948936043165043,0.006968222128892865,1.1713392240783826
6,SMA_N150_th2_bL1_sL0,vix,0.5,0.07997796283076375,0.7806997514757334,0.22900666577217263,0.34923858028800725,1.0738176650253333,0.10572178470995412,34,0.9523922130835406,-0.00997674394172754,0.011643035151923359,1.1670175379791585
6,SMA_N150_th2_bL1_sL0,vix,0.7,0.07590171266824286,0.7659667749732224,0.22430828436746847,0.33838122779227553,1.0544677394157176,0.1023586180515195,34,0.9333490983169569,-0.014052994104248429,0.01634141655662752,1.1628423406003754
6,SMA_N150_th2_bL1_sL0,composite,0.0,0.08995470677249129,0.8012461137610508,0.240649700924096,0.3737993707329151,1.0994092757356906,0.11590839028869582,34,1.0,0.0,0.0,0.0
6,SMA_N150_th2_bL1_sL0,composite,0.3,0.08308245689558813,0.796483582156481,0.226296643119653,0.36713959054027495,1.0940109998163594,0.10746841765085266,34,0.9299748205030913,-0.006872249876903158,0.014353057804442987,2.088552957406564
6,SMA_N150_th2_bL1_sL0,composite,0.5,0.07845549095665616,0.7910439754413825,0.216614946964838,0.36218872268953556,1.0873758391933535,0.10207686056846624,34,0.8832913675051521,-0.011499215815835129,0.024034753959258,2.0901211303609646
6,SMA_N150_th2_bL1_sL0,composite,0.7,0.07379298141262325,0.7831762632766118,0.20684239453017966,0.35675946210270915,1.077452436981269,0.09691016501513174,34,0.836607914507213,-0.01616172535986804,0.033807306393916325,2.091812949492687
7,SMA_N200_th2_bL2_sL0,ebp,0.0,0.13727136160105746,0.664267450798049,0.421299260232459,0.3258286319451775,0.8986153618529257,0.23600377543904996,26,1.0,0.0,0.0,0.0
7,SMA_N200_th2_bL2_sL0,ebp,0.3,0.13503293546941153,0.6721823916623539,0.4133087694842339,0.32671200187191407,0.9096509696966681,0.2272130105246271,26,0.9641405117077609,-0.002238426131645932,0.00799049074822511,3.5696915056784295
7,SMA_N200_th2_bL2_sL0,ebp,0.5,0.13334015759444395,0.676019196044181,0.4082802046964079,0.3265898176317268,0.9149544303215278,0.22193830895673533,26,0.9402341861796014,-0.003931204006613509,0.013019055536051094,3.311722188456511
7,SMA_N200_th2_bL2_sL0,ebp,0.7,0.13148916004273548,0.6784491729911277,0.40348958168297366,0.32587993844670815,0.9182491144029764,0.2171725391068517,26,0.916327860651442,-0.005782201558321987,0.01780967854948534,3.0800860831032266
7,SMA_N200_th2_bL2_sL0,term_spread,0.0,0.13727136160105746,0.664267450798049,0.421299260232459,0.3258286319451775,0.8986153618529257,0.23600377543904996,26,1.0,0.0,0.0,0.0
7,SMA_N200_th2_bL2_sL0,term_spread,0.3,0.12364268397730216,0.6512847895276568,0.3550280231028351,0.3482617594428275,0.8829828620293702,0.21467676714450556,26,0.9001098941364671,-0.013628677623755303,0.0662712371296239,4.862631500954327
7,SMA_N200_th2_bL2_sL0,term_spread,0.5,0.11395809742645202,0.6356116686486498,0.3286314264377376,0.3467656719922448,0.8633639428935196,0.2021880822145127,26,0.833516490227445,-0.02331326417460544,0.09266783379472143,3.974897427519489
7,SMA_N200_th2_bL2_sL0,term_spread,0.7,0.10381354556310751,0.6123740469734171,0.3183652578674851,0.3260831482005439,0.8336668447490286,0.1914034340736429,26,0.7669230863184232,-0.03345781603794995,0.10293400236497391,3.076530824612692
7,SMA_N200_th2_bL2_sL0,cape,0.0,0.13727136160105746,0.664267450798049,0.421299260232459,0.3258286319451775,0.8986153618529257,0.23600377543904996,26,1.0,0.0,0.0,0.0
7,SMA_N200_th2_bL2_sL0,cape,0.3,0.12592297144780207,0.6665686914171765,0.37993713729690304,0.33143106868597366,0.9037462270881651,0.21192673083716362,26,0.8807171790597118,-0.011348390153255394,0.04136212293555597,3.644756866566739
7,SMA_N200_th2_bL2_sL0,cape,0.5,0.11755555617509961,0.6609721980724873,0.3511217005879861,0.3348000308105191,0.8980687261554429,0.19808163733080253,26,0.8011952984328531,-0.019715805425957855,0.07017755964447292,3.559456899086509
7,SMA_N200_th2_bL2_sL0,cape,0.7,0.10856748077066491,0.6467013240212501,0.3212856277991201,0.3379157714410599,0.8810489409236663,0.18646813037028084,26,0.7216734178059943,-0.028703880830392547,0.10001363243333888,3.4843244028327134
7,SMA_N200_th2_bL2_sL0,vix,0.0,0.13727136160105746,0.664267450798049,0.421299260232459,0.3258286319451775,0.8986153618529257,0.23600377543904996,26,1.0,0.0,0.0,0.0
7,SMA_N200_th2_bL2_sL0,vix,0.3,0.1334744793682081,0.6800241988171599,0.34646503681595947,0.38524660553009593,0.9259302028385044,0.22013004231212643,26,0.9690089284664926,-0.0037968822328493523,0.07483422341649953,19.709387551991714
7,SMA_N200_th2_bL2_sL0,vix,0.5,0.13043776901883763,0.6874600621477484,0.33978206941054506,0.38388655777252007,0.9397165519088414,0.21088717229450615,26,0.9483482141108208,-0.006833592582219827,0.08151719082191394,11.928892429731867
7,SMA_N200_th2_bL2_sL0,vix,0.7,0.1270096323336436,0.6913088774324743,0.333099871915354,0.381295950680878,0.9479958108035532,0.20288942622221212,26,0.9276874997551491,-0.010261729267413866,0.088199388317105,8.594982972039835
7,SMA_N200_th2_bL2_sL0,composite,0.0,0.13727136160105746,0.664267450798049,0.421299260232459,0.3258286319451775,0.8986153618529257,0.23600377543904996,26,1.0,0.0,0.0,0.0
7,SMA_N200_th2_bL2_sL0,composite,0.3,0.1296829107011308,0.6698301277109263,0.3702073382517004,0.3502980554452453,0.9087110353501716,0.21773030403428245,26,0.9284312381099586,-0.0075884508999266576,0.051091921980758626,6.732852680281878
7,SMA_N200_th2_bL2_sL0,composite,0.5,0.12431195854758248,0.6724458250648858,0.3343623968802296,0.37178809491580384,0.9141728740579291,0.2060499739488425,26,0.8807187301832644,-0.012959403053474983,0.08693686335222939,6.70840030158008
7,SMA_N200_th2_bL2_sL0,composite,0.7,0.11869760726925915,0.6736906367201803,0.308307469129398,0.38499750785940656,0.9179255577057359,0.19485586552683226,26,0.8330062222565703,-0.01857375433179831,0.11299179110306101,6.083411521687827
8,EMA_N100_th5_bL2_sL0,ebp,0.0,0.1449671931331873,0.6960916023289018,0.4970603831765777,0.2916490592284611,0.9477307676104262,0.23419417282812338,18,1.0,0.0,0.0,0.0
8,EMA_N100_th5_bL2_sL0,ebp,0.3,0.14281834312242325,0.7024292776007589,0.47995921703153666,0.29756349717738434,0.9575825426031852,0.2270005635205329,18,0.9721639050126116,-0.0021488500107640363,0.017101166145041036,7.958287483713494
8,EMA_N100_th5_bL2_sL0,ebp,0.5,0.1412480311307609,0.7056258552562898,0.46829176356112173,0.3016239919674033,0.962648346691535,0.22260050501894532,18,0.9536065083543527,-0.0037191620024263905,0.02876861961545596,7.735242400488938
8,EMA_N100_th5_bL2_sL0,ebp,0.7,0.13956929072449165,0.707851449695932,0.4564074389866813,0.3057997718756826,0.9662818696551765,0.2185394996177628,18,0.9350491116960938,-0.005397902408695643,0.0406529441898964,7.531248457624457
8,EMA_N100_th5_bL2_sL0,term_spread,0.0,0.1449671931331873,0.6960916023289018,0.4970603831765777,0.2916490592284611,0.9477307676104262,0.23419417282812338,18,1.0,0.0,0.0,0.0
8,EMA_N100_th5_bL2_sL0,term_spread,0.3,0.13234035415079237,0.6847166975192028,0.4521875175703044,0.2926669777659588,0.9340474433593011,0.21573450081198536,18,0.9070179533556633,-0.012626838982394917,0.04487286560627329,3.553768735693683
8,EMA_N100_th5_bL2_sL0,term_spread,0.5,0.1234118344432682,0.6707901207263267,0.42046503353534126,0.2935127171113388,0.9163921123756851,0.20500395374435118,18,0.8450299222594386,-0.02155535868991909,0.07659534964123643,3.553424962353245
8,EMA_N100_th5_bL2_sL0,term_spread,0.7,0.11408953526472199,0.6502832086856282,0.3872373917438104,0.2946242736295509,0.8897631383527497,0.19577968049257516,18,0.783041891163214,-0.030877657868465302,0.1098229914327673,3.5567137864082365
8,EMA_N100_th5_bL2_sL0,cape,0.0,0.1449671931331873,0.6960916023289018,0.4970603831765777,0.2916490592284611,0.9477307676104262,0.23419417282812338,18,1.0,0.0,0.0,0.0
8,EMA_N100_th5_bL2_sL0,cape,0.3,0.1291717682737621,0.6777365077814264,0.4596017236372736,0.28105153142486233,0.9223517982484055,0.2129567939980884,18,0.8846493072115466,-0.0157954248594252,0.03745865953930411,2.3714879386072583
8,EMA_N100_th5_bL2_sL0,cape,0.5,0.1179593547561455,0.6557988550504177,0.43359907290258903,0.2720470640458354,0.892402314868459,0.20107881772809325,18,0.8077488453525775,-0.027007838377041793,0.06346131027398866,2.3497367463489565
8,EMA_N100_th5_bL2_sL0,cape,0.7,0.10622509950431702,0.6237600313310424,0.4067673351512318,0.2611446159137229,0.8489029062493506,0.19142926287623163,18,0.7308483834936085,-0.03874209362887027,0.09029304802534588,2.3306187035297516
8,EMA_N100_th5_bL2_sL0,vix,0.0,0.1449671931331873,0.6960916023289018,0.4970603831765777,0.2916490592284611,0.9477307676104262,0.23419417282812338,18,1.0,0.0,0.0,0.0
8,EMA_N100_th5_bL2_sL0,vix,0.3,0.1373062661023623,0.6919328804114755,0.48043104736326186,0.2857980699955529,0.9436396555114746,0.22170412516670462,18,0.9715772400391265,-0.007660927030824993,0.016629335813315826,2.170668868976949
8,EMA_N100_th5_bL2_sL0,vix,0.5,0.13188836564541861,0.68586412167225,0.46913669163797195,0.281129930777607,0.9363885522029143,0.21431877522780896,18,0.9526287333985443,-0.013078827487768674,0.027923691538605744,2.135030190184861
8,EMA_N100_th5_bL2_sL0,vix,0.7,0.12622895825963165,0.6765896245391094,0.4576755149383791,0.27580448186446455,0.9246859117076547,0.2077814054997483,18,0.933680226757962,-0.018738234873555637,0.03938486823819859,2.101845157986601
8,EMA_N100_th5_bL2_sL0,composite,0.0,0.1449671931331873,0.6960916023289018,0.4970603831765777,0.2916490592284611,0.9477307676104262,0.23419417282812338,18,1.0,0.0,0.0,0.0
8,EMA_N100_th5_bL2_sL0,composite,0.3,0.13554516837428254,0.6913617371145652,0.46807176220670044,0.2895820242077022,0.9423309351212892,0.21868773042476944,18,0.9337881051582932,-0.009422024758904746,0.028988620969877255,3.076686987314498
8,EMA_N100_th5_bL2_sL0,composite,0.5,0.12903726718459985,0.686273290165692,0.44794545094199806,0.2880646893795739,0.9361491397912596,0.20881887632875376,18,0.8896468419304887,-0.015929925948587442,0.049114932234579634,3.0831864751345446
8,EMA_N100_th5_bL2_sL0,composite,0.7,0.12235310317216341,0.6791769076386658,0.42715852401519394,0.2864348860981909,0.927262120113084,0.1993903265827905,18,0.8455055787026843,-0.022614089961023875,0.06990185916138375,3.0910754879750586
9,SMA_N100_th0_bL3_sL0,ebp,0.0,0.176720047753691,0.6600330877180406,0.5022504285027246,0.351856439984565,0.8976238062353767,0.33016696794871936,172,1.0,0.0,0.0,0.0
9,SMA_N100_th0_bL3_sL0,ebp,0.3,0.174948632497675,0.66920857250819,0.49289236980206763,0.354942870322642,0.9103047675655708,0.3167353838586322,172,0.963385283987007,-0.0017714152560159846,0.00935805870065698,5.2828147826296785
9,SMA_N100_th0_bL3_sL0,ebp,0.5,0.17329456986945213,0.6737602694203256,0.48675693102877154,0.3560187001409312,0.9166173232928396,0.3086992768589071,172,0.9389754733116783,-0.003425477884238859,0.015493497473953066,4.523017808767936
9,SMA_N100_th0_bL3_sL0,ebp,0.7,0.17126871749156924,0.6767457012665659,0.48070940573981163,0.35628326686886175,0.9207830794820739,0.30146712630155886,172,0.9145656626363494,-0.005451330262121745,0.021541022762912976,3.951516735757056
9,SMA_N100_th0_bL3_sL0,term_spread,0.0,0.176720047753691,0.6600330877180406,0.5022504285027246,0.351856439984565,0.8976238062353767,0.33016696794871936,172,1.0,0.0,0.0,0.0
9,SMA_N100_th0_bL3_sL0,term_spread,0.3,0.16218339059015507,0.6503187797841793,0.46515308466379945,0.34866669906613007,0.8861222849914716,0.3020024204194848,172,0.9010634576498923,-0.014536657163535915,0.037097343838925156,2.5519858810443012
9,SMA_N100_th0_bL3_sL0,term_spread,0.5,0.1512617047896545,0.637413462762788,0.44092350194252217,0.3430565713173816,0.8699111805175778,0.2856058183923209,172,0.8351057627498205,-0.025458342964036484,0.061326926560202444,2.4089127342983563
9,SMA_N100_th0_bL3_sL0,term_spread,0.7,0.13939696096709664,0.6176310367871072,0.42079807484650616,0.33126805776843027,0.8444259806326604,0.2715215587393408,172,0.7691480678497487,-0.03732308678659435,0.08145235365621845,2.182358445375809
9,SMA_N100_th0_bL3_sL0,cape,0.0,0.176720047753691,0.6600330877180406,0.5022504285027246,0.351856439984565,0.8976238062353767,0.33016696794871936,172,1.0,0.0,0.0,0.0
9,SMA_N100_th0_bL3_sL0,cape,0.3,0.16479070160886256,0.658186755229256,0.4567720847948349,0.3607722693537203,0.8967668260028193,0.30172196197865025,172,0.8882625489976735,-0.011929346144828434,0.04547834370788972,3.8123081647358625
9,SMA_N100_th0_bL3_sL0,cape,0.5,0.15537766917454698,0.6499990285220475,0.4246628455118706,0.36588477380746914,0.8868396113898239,0.28569517009484546,172,0.8137709149961225,-0.021342378579144006,0.077587582990854,3.6353765679460577
9,SMA_N100_th0_bL3_sL0,cape,0.7,0.14483976562805734,0.6341545508772075,0.39106630699313183,0.37037137446515206,0.8664632504832559,0.27251048920960996,172,0.7392792809945715,-0.03188028212563365,0.11118412150959278,3.48755136706253
9,SMA_N100_th0_bL3_sL0,vix,0.0,0.176720047753691,0.6600330877180406,0.5022504285027246,0.351856439984565,0.8976238062353767,0.33016696794871936,172,1.0,0.0,0.0,0.0
9,SMA_N100_th0_bL3_sL0,vix,0.3,0.17021571735285201,0.6581432393852248,0.49062535780906463,0.34693624094964615,0.8971219930805175,0.3150242674793797,172,0.9751408509145085,-0.006504330400838976,0.011625070693659978,1.7872816996136132
9,SMA_N100_th0_bL3_sL0,vix,0.5,0.16536178483111885,0.6546584644391259,0.48278192529137715,0.34251859104152826,0.8936490627036683,0.30591687392220607,172,0.9585680848575141,-0.011358262922572138,0.019468503211347465,1.7140387878024856
9,SMA_N100_th0_bL3_sL0,vix,0.7,0.16010696153969461,0.6490448296435491,0.47486381423593327,0.33716395467469,0.8871230350076427,0.29768521548524185,172,0.9419953188005198,-0.016613086213996375,0.027386614266791343,1.6484964872883383
9,SMA_N100_th0_bL3_sL0,composite,0.0,0.176720047753691,0.6600330877180406,0.5022504285027246,0.351856439984565,0.8976238062353767,0.33016696794871936,172,1.0,0.0,0.0,0.0
9,SMA_N100_th0_bL3_sL0,composite,0.3,0.16836601196951606,0.6610412838868629,0.47626978741209963,0.35350974682724273,0.9003802588208207,0.30787797597553496,172,0.9318983923181213,-0.008354035784174929,0.02598064109062498,3.1099508982042154
9,SMA_N100_th0_bL3_sL0,composite,0.5,0.1622881076652971,0.660514638571488,0.458502857078298,0.3539522276904446,0.9006617691427552,0.29358825274969,172,0.8864973205302022,-0.01443194008839388,0.04374757142442659,3.031302178118675
9,SMA_N100_th0_bL3_sL0,composite,0.7,0.15581387430885463,0.6586666107470692,0.44038268222209076,0.35381471751488097,0.899190230284902,0.279835992565615,172,0.8410962487422831,-0.020906173444836362,0.06186774628063385,2.9593051279269202
10,SMA_N200_th0_bL2_sL0,ebp,0.0,0.13251576725148695,0.6545672859515842,0.38964394635710836,0.3400945106177432,0.8888315207078256,0.23130913009464935,90,1.0,0.0,0.0,0.0
10,SMA_N200_th0_bL2_sL0,ebp,0.3,0.128070704271112,0.6529808019321064,0.385843571574546,0.3319239031208491,0.8860799879987858,0.22287003601426078,90,0.9643017660077173,-0.0044450629803749475,0.0038003747825623435,0.8549653400505421
10,SMA_N200_th0_bL2_sL0,ebp,0.5,0.1249347430013994,0.6502428139461899,0.385843571574546,0.3237963573983289,0.8819469539483601,0.21778248889014312,90,0.9405029433461953,-0.0075810242500875535,0.0038003747825623435,0.5013009663593218
10,SMA_N200_th0_bL2_sL0,ebp,0.7,0.12166321239552835,0.6459550039734143,0.385843571574546,0.31531745338932693,0.8757045584973947,0.21316212602743503,90,0.9167041206846737,-0.010852554855958596,0.0038003747825623435,0.35018249923664263
10,SMA_N200_th0_bL2_sL0,term_spread,0.0,0.13251576725148695,0.6545672859515842,0.38964394635710836,0.3400945106177432,0.8888315207078256,0.23130913009464935,90,1.0,0.0,0.0,0.0
10,SMA_N200_th0_bL2_sL0,term_spread,0.3,0.11868700036928415,0.6376277548863784,0.385843571574546,0.3076039335965806,0.867375831962922,0.2110614787478764,90,0.9000731943376314,-0.013828766882202803,0.0038003747825623435,0.274816606204658
10,SMA_N200_th0_bL2_sL0,term_spread,0.5,0.10891583089287793,0.6190305183671261,0.385843571574546,0.28227976028838697,0.8431366401191913,0.1992785461571284,90,0.8334553238960525,-0.02359993635860902,0.0038003747825623435,0.16103326402301948
10,SMA_N200_th0_bL2_sL0,term_spread,0.7,0.098720887036013,0.5927963056178776,0.385843571574546,0.2558572807968627,0.8083938110482336,0.18917180413311968,90,0.7668374534544734,-0.033794880215473944,0.0038003747825623435,0.11245415750348582
10,SMA_N200_th0_bL2_sL0,cape,0.0,0.13251576725148695,0.6545672859515842,0.38964394635710836,0.3400945106177432,0.8888315207078256,0.23130913009464935,90,1.0,0.0,0.0,0.0
10,SMA_N200_th0_bL2_sL0,cape,0.3,0.11805816173497785,0.6394872177878446,0.385843571574546,0.30597415748876533,0.8684321662314799,0.20885897974166956,90,0.88308395549371,-0.014457605516509098,0.0038003747825623435,0.26286336130991445
10,SMA_N200_th0_bL2_sL0,cape,0.5,0.10772196563936287,0.6204358810172023,0.385843571574546,0.27918559119638126,0.8428427401173562,0.19609786790692685,90,0.8051399258228499,-0.024793801612124078,0.0038003747825623435,0.1532792284949144
10,SMA_N200_th0_bL2_sL0,cape,0.7,0.09684996772609433,0.5916420506279277,0.385843571574546,0.25100837453600716,0.8042416389766328,0.18553390331087533,90,0.72719589615199,-0.035665799525392616,0.0038003747825623435,0.10655515460565042
10,SMA_N200_th0_bL2_sL0,vix,0.0,0.13251576725148695,0.6545672859515842,0.38964394635710836,0.3400945106177432,0.8888315207078256,0.23130913009464935,90,1.0,0.0,0.0,0.0
10,SMA_N200_th0_bL2_sL0,vix,0.3,0.12524274413985315,0.650365468693618,0.385843571574546,0.32459461130520845,0.885266379423666,0.21831493328212476,90,0.9711344002251833,-0.007273023111633803,0.0038003747825623435,0.52253027719427
10,SMA_N200_th0_bL2_sL0,vix,0.5,0.12006629745087127,0.6442258551389342,0.385843571574546,0.31117869078628446,0.8781089610071506,0.210644391912666,90,0.9518906670419719,-0.012449469800615676,0.0038003747825623435,0.30526398661366283
10,SMA_N200_th0_bL2_sL0,vix,0.7,0.11463525192764434,0.6348083032637598,0.385843571574546,0.2971029203877678,0.8661846281279866,0.20387356694623557,90,0.9326469338587609,-0.017880515323842605,0.0038003747825623435,0.21254279945135415
10,SMA_N200_th0_bL2_sL0,composite,0.0,0.13251576725148695,0.6545672859515842,0.38964394635710836,0.3400945106177432,0.8888315207078256,0.23130913009464935,90,1.0,0.0,0.0,0.0
10,SMA_N200_th0_bL2_sL0,composite,0.3,0.12266178727625232,0.64725108337042,0.385843571574546,0.3179054837578232,0.8796591101232913,0.21457018764025784,90,0.9295856442460065,-0.009853979975234628,0.0038003747825623435,0.3856690182153384
10,SMA_N200_th0_bL2_sL0,composite,0.5,0.11585055010911538,0.640226602057573,0.385843571574546,0.3002526377110646,0.8706171887974047,0.20388049678218295,90,0.882642740410011,-0.01666521714237157,0.0038003747825623435,0.22804232012674067
10,SMA_N200_th0_bL2_sL0,composite,0.7,0.10885140439548291,0.6309596245602027,0.385843571574546,0.2821127845963154,0.8584963600484011,0.19363940923691433,90,0.8356998365740154,-0.02366436285600404,0.0038003747825623435,0.16059484912766733
11,SMA_N150_th0_bL2_sL0,ebp,0.0,0.13321688029146972,0.664374099411894,0.4265997682982048,0.312276025894012,0.8997768179118333,0.22752277384215264,124,1.0,0.0,0.0,0.0
11,SMA_N150_th0_bL2_sL0,ebp,0.3,0.13033321914670948,0.6708351187949823,0.4192551205035195,0.3108685207951214,0.9083000894848925,0.21848409600133634,124,0.96351999362986,-0.002883661144760241,0.0073446477946852995,2.5469871201860514
11,SMA_N150_th0_bL2_sL0,ebp,0.5,0.12821607116133205,0.673582662377671,0.4146850466772732,0.3091890392206875,0.9118267581990113,0.21304662891487214,124,0.9391999893831001,-0.005000809130137673,0.011914721620931601,2.382558764166147
11,SMA_N150_th0_bL2_sL0,ebp,0.7,0.1259453656559799,0.6748029190870436,0.4103751495714588,0.3069030027463907,0.9132493990088038,0.20812332395400915,124,0.9148799851363403,-0.007271514635489806,0.016224618726745965,2.2312571094279425
11,SMA_N150_th0_bL2_sL0,term_spread,0.0,0.13321688029146972,0.664374099411894,0.4265997682982048,0.312276025894012,0.8997768179118333,0.22752277384215264,124,1.0,0.0,0.0,0.0
11,SMA_N150_th0_bL2_sL0,term_spread,0.3,0.12244128178301183,0.6634336564815392,0.35903647449522147,0.3410274177718438,0.901618724320226,0.20644742099732322,124,0.8992772806276426,-0.010775598508457884,0.06756329380298332,6.270027019840444
11,SMA_N150_th0_bL2_sL0,term_spread,0.5,0.11464192685174246,0.65665680796904,0.3538263814047221,0.32400615916937525,0.8948317507393665,0.19416553484311228,124,0.832128801046071,-0.01857495343972726,0.07277338689348267,3.917823381340934
11,SMA_N150_th0_bL2_sL0,term_spread,0.7,0.10636560618075053,0.6427769991222235,0.3538263814047221,0.30061525022094066,0.8784975391383275,0.18363456289368027,124,0.7649803214644993,-0.026851274110719192,0.07277338689348267,2.710239618180021
11,SMA_N150_th0_bL2_sL0,cape,0.0,0.13321688029146972,0.664374099411894,0.4265997682982048,0.312276025894012,0.8997768179118333,0.22752277384215264,124,1.0,0.0,0.0,0.0
11,SMA_N150_th0_bL2_sL0,cape,0.3,0.12382185834097581,0.6701307144860001,0.3538263814047221,0.3499508935693038,0.9103842200989823,0.20613828029583728,124,0.88595246968724,-0.00939502195049391,0.07277338689348267,7.745951768601975
11,SMA_N150_th0_bL2_sL0,cape,0.5,0.11685202129369299,0.6674002056524364,0.3538263814047221,0.33025242727741244,0.9088831651273986,0.19397531199639673,124,0.8099207828120666,-0.016364858997776732,0.07277338689348267,4.446930273176774
11,SMA_N150_th0_bL2_sL0,cape,0.7,0.10933262803590504,0.6568279735260693,0.3538263814047221,0.30900078055752883,0.8968334111447035,0.18388183519321813,124,0.7338890959368933,-0.023884252255564675,0.07277338689348267,3.0469192049555396
11,SMA_N150_th0_bL2_sL0,vix,0.0,0.13321688029146972,0.664374099411894,0.4265997682982048,0.312276025894012,0.8997768179118333,0.22752277384215264,124,1.0,0.0,0.0,0.0
11,SMA_N150_th0_bL2_sL0,vix,0.3,0.12981946596771698,0.6755458953758715,0.3821373394876112,0.3397193954974026,0.9193438742666048,0.2151795954786326,124,0.9726469522910297,-0.0033974143237527343,0.04446242881059359,13.087137621024992
11,SMA_N150_th0_bL2_sL0,vix,0.5,0.12723544050546987,0.6807404419254806,0.35557427297690514,0.3578308392231007,0.9289876249727732,0.20786091163533005,124,0.9544115871517164,-0.005981439785999854,0.07102549532129965,11.874314188958616
11,SMA_N150_th0_bL2_sL0,vix,0.7,0.1244017403580413,0.6835129209336014,0.3538263814047221,0.35158978215291736,0.934822240929665,0.20136410151414572,124,0.936176222012403,-0.008815139933428418,0.07277338689348267,8.255499906191435
11,SMA_N150_th0_bL2_sL0,composite,0.0,0.13321688029146972,0.664374099411894,0.4265997682982048,0.312276025894012,0.8997768179118333,0.22752277384215264,124,1.0,0.0,0.0,0.0
11,SMA_N150_th0_bL2_sL0,composite,0.3,0.12675230687150552,0.6721716237707637,0.3708743375634037,0.34176618340393067,0.9128432880784666,0.21084709974641638,124,0.9302866193402795,-0.0064645734199642035,0.055725430734801074,8.620124966437405
11,SMA_N150_th0_bL2_sL0,composite,0.5,0.12218192492423241,0.6766164362283992,0.3538263814047221,0.34531604014138045,0.9206454733208982,0.20016594795824902,124,0.8838110322337989,-0.011034955367237309,0.07277338689348267,6.594805730664417
11,SMA_N150_th0_bL2_sL0,composite,0.7,0.11740722559922134,0.6800631391828706,0.3538263814047221,0.3318215706050641,0.9271374270894378,0.18990251916145662,124,0.8373354451273185,-0.015809654692248376,0.07277338689348267,4.603097810173182
12,EMA_N100_th5_bL1_sL0,ebp,0.0,0.08784372585063949,0.7747612524040447,0.28267161828611304,0.3107624542684943,1.0584367843416684,0.11763101122110306,18,1.0,0.0,0.0,0.0
12,EMA_N100_th5_bL1_sL0,ebp,0.3,0.08588066216780632,0.7797301051591398,0.2713772813509917,0.31646223936015744,1.0665213327329646,0.11402437166269938,18,0.9721639050126116,-0.001963063682833166,0.01129433693512133,5.753423607134805
12,EMA_N100_th5_bL1_sL0,ebp,0.5,0.08454137008975926,0.7818351470824171,0.2637674613021093,0.3205147809832721,1.0701389779632977,0.11181780812514795,18,0.9536065083543527,-0.0033023557608802268,0.018904156984003717,5.724445926735921
12,EMA_N100_th5_bL1_sL0,ebp,0.7,0.08317784723860955,0.7828142301192279,0.2560929710529646,0.3247955103828558,1.0720892432082827,0.10978077085232137,18,0.9350491116960938,-0.004665878612029939,0.026578647233148456,5.696386349319349
12,EMA_N100_th5_bL1_sL0,term_spread,0.0,0.08784372585063949,0.7747612524040447,0.28267161828611304,0.3107624542684943,1.0584367843416684,0.11763101122110306,18,1.0,0.0,0.0,0.0
12,EMA_N100_th5_bL1_sL0,term_spread,0.3,0.07915469481396187,0.757426995682088,0.2534162404103504,0.31235052136275365,1.0363146170436772,0.1083392464791323,18,0.9070179533556633,-0.008689031036677619,0.029255377875762656,3.366932141486387
12,EMA_N100_th5_bL1_sL0,term_spread,0.5,0.07326022064331861,0.7383873853899926,0.23337950500109475,0.31391025807075457,1.0114752992676275,0.10293758860505924,18,0.8450299222594386,-0.01458350520732088,0.049292113285018285,3.379990789887316
12,EMA_N100_th5_bL1_sL0,term_spread,0.7,0.06728650640135969,0.7117067998445241,0.21290872820262896,0.31603451380030767,0.9762251903862652,0.09829407820328905,18,0.783041891163214,-0.020557219449279795,0.06976289008348407,3.3935956297790146
12,EMA_N100_th5_bL1_sL0,cape,0.0,0.08784372585063949,0.7747612524040447,0.28267161828611304,0.3107624542684943,1.0584367843416684,0.11763101122110306,18,1.0,0.0,0.0,0.0
12,EMA_N100_th5_bL1_sL0,cape,0.3,0.07801883603043547,0.7560554645083504,0.2576986141835239,0.30275225296661157,1.0325639076095332,0.10694584428273543,18,0.8846493072115466,-0.009824889820204019,0.024973004102589125,2.541810092489215
12,EMA_N100_th5_bL1_sL0,cape,0.5,0.07132534091313514,0.7329432074190217,0.24073694409182037,0.2962791655522996,1.0009809543012755,0.10096873740666684,18,0.8077488453525775,-0.01651838493750435,0.04193467419429267,2.53866672516401
12,EMA_N100_th5_bL1_sL0,cape,0.7,0.06452034517493965,0.6986792761941495,0.2235248495919744,0.2886495407231726,0.9543856329700429,0.09611235483775984,18,0.7308483834936085,-0.023323380675699834,0.059146768694138624,2.535943202940664
12,EMA_N100_th5_bL1_sL0,vix,0.0,0.08784372585063949,0.7747612524040447,0.28267161828611304,0.3107624542684943,1.0584367843416684,0.11763101122110306,18,1.0,0.0,0.0,0.0
12,EMA_N100_th5_bL1_sL0,vix,0.3,0.08298414615107119,0.7717107054211989,0.27181087566203693,0.305301051508519,1.056200979894866,0.11135432136115046,18,0.9715772400391265,-0.004859579699568295,0.010860742624076103,2.234913983413201
12,EMA_N100_th5_bL1_sL0,vix,0.5,0.0796765401275572,0.7660987854280916,0.2645121548848312,0.30122071389214017,1.049793681549855,0.10764265000885302,18,0.9526287333985443,-0.008167185723082282,0.018159463401281828,2.2234664445010903
12,EMA_N100_th5_bL1_sL0,vix,0.7,0.0763155445381769,0.7569837915513964,0.2571669384876106,0.2967548822060326,1.0385079907573145,0.10435690414569547,18,0.933680226757962,-0.011528181312462582,0.02550467979850246,2.212376706023051
12,EMA_N100_th5_bL1_sL0,composite,0.0,0.08784372585063949,0.7747612524040447,0.28267161828611304,0.3107624542684943,1.0584367843416684,0.11763101122110306,18,1.0,0.0,0.0,0.0
12,EMA_N100_th5_bL1_sL0,composite,0.3,0.0815308410089044,0.7686415573281011,0.2635808911845064,0.30931999904284746,1.0511732481024552,0.10983332287909586,18,0.9337881051582932,-0.006312884841735089,0.01909072710160664,3.0240892365715286
12,EMA_N100_th5_bL1_sL0,composite,0.5,0.0772786787452493,0.7623407762545428,0.25061269513429146,0.3083589947581838,1.0433506716665362,0.10487015345441249,18,0.8896468419304887,-0.01056504710539019,0.03205892315182157,3.0344325805670476
12,EMA_N100_th5_bL1_sL0,composite,0.7,0.07299237831633265,0.753746284913879,0.23744897551628444,0.307402372057515,1.0324228390417012,0.10012803186824967,18,0.8455055787026843,-0.014851347534306836,0.0452226427698286,3.045019495056837
13,SMA_N200_th2_bL1_sL0,ebp,0.0,0.08454756600810742,0.7443159283859181,0.2352072520142605,0.3594598605445267,1.010258516798268,0.11851693776902983,26,1.0,0.0,0.0,0.0
13,SMA_N200_th2_bL1_sL0,ebp,0.3,0.08238367963866677,0.7509868061257488,0.23093454429842697,0.35674039104433775,1.0195877626154644,0.11411785270575524,26,0.9641405117077609,-0.0021638863694406485,0.004272707715833518,1.9745527196689108
13,SMA_N200_th2_bL1_sL0,ebp,0.5,0.08089601637316335,0.753751502970622,0.22818083681789936,0.3545258992880403,1.023403537881424,0.11147658014771483,26,0.9402341861796014,-0.0036515496349440735,0.00702641519636113,1.924228313678323
13,SMA_N200_th2_bL1_sL0,ebp,0.7,0.0793726089481408,0.7548945866916161,0.22550274032245185,0.3519806847342253,1.0249014697331003,0.10908844677269842,26,0.916327860651442,-0.005174957059966623,0.009704511691808637,1.8752835201054265
13,SMA_N200_th2_bL1_sL0,term_spread,0.0,0.08454756600810742,0.7443159283859181,0.2352072520142605,0.3594598605445267,1.010258516798268,0.11851693776902983,26,1.0,0.0,0.0,0.0
13,SMA_N200_th2_bL1_sL0,term_spread,0.3,0.0751478271450774,0.7263075205324219,0.19469874683112356,0.3859697525955757,0.9875866724200402,0.10778314694873108,26,0.9001098941364671,-0.009399738863030027,0.04050850518313692,4.309535166180022
13,SMA_N200_th2_bL1_sL0,term_spread,0.5,0.06876198329354577,0.7060677029277637,0.17622494451252668,0.39019438186662575,0.9616360521616267,0.10149662280074813,26,0.833516490227445,-0.015785582714561652,0.058982307501733805,3.736466912135253
13,SMA_N200_th2_bL1_sL0,term_spread,0.7,0.06228346551695574,0.6770601057475305,0.17047350407437117,0.36535569474646223,0.9239923350130874,0.09606719383410138,26,0.7669230863184232,-0.022264100491151684,0.06473374793988931,2.90753933515599
13,SMA_N200_th2_bL1_sL0,cape,0.0,0.08454756600810742,0.7443159283859181,0.2352072520142605,0.3594598605445267,1.010258516798268,0.11851693776902983,26,1.0,0.0,0.0,0.0
13,SMA_N200_th2_bL1_sL0,cape,0.3,0.0766223382447544,0.7471946412351403,0.20965294667718692,0.3654722695728843,1.0165817700880873,0.10640831577170186,26,0.8807171790597118,-0.007925227763353027,0.025554305337073563,3.2244253540874865
13,SMA_N200_th2_bL1_sL0,cape,0.5,0.07116418823115533,0.7411554449013258,0.1922551404168627,0.37015493097792623,1.0106436904343759,0.09944406355798319,26,0.8011952984328531,-0.013383377776952088,0.042952111597397785,3.209362562518925
13,SMA_N200_th2_bL1_sL0,cape,0.7,0.06556943565881257,0.7254107307986655,0.17456424857125327,0.3756177808198142,0.9919939809923749,0.0936011725881106,26,0.7216734178059943,-0.018978130349294853,0.060643003443007215,3.1954150554804497
13,SMA_N200_th2_bL1_sL0,vix,0.0,0.08454756600810742,0.7443159283859181,0.2352072520142605,0.3594598605445267,1.010258516798268,0.11851693776902983,26,1.0,0.0,0.0,0.0
13,SMA_N200_th2_bL1_sL0,vix,0.3,0.081317542899499,0.7626751405901613,0.18524462973123965,0.438973820819949,1.0422016051072713,0.11053749141513304,26,0.9690089284664926,-0.0032300231086084263,0.04996262228302084,15.46819344724316
13,SMA_N200_th2_bL1_sL0,vix,0.5,0.07905081530276603,0.7715298532034442,0.1815195436962833,0.4354947885668613,1.0586308349272184,0.10589043482026345,26,0.9483482141108208,-0.005496750705341391,0.0536877083179772,9.767171770370979
13,SMA_N200_th2_bL1_sL0,vix,0.7,0.07669500164097709,0.7764025977033221,0.17779874937282564,0.43135849892934613,1.0689343591919864,0.10186862678395478,26,0.9276874997551491,-0.007852564367130332,0.05740850264143485,7.31079682475935
13,SMA_N200_th2_bL1_sL0,composite,0.0,0.08454756600810742,0.7443159283859181,0.2352072520142605,0.3594598605445267,1.010258516798268,0.11851693776902983,26,1.0,0.0,0.0,0.0
13,SMA_N200_th2_bL1_sL0,composite,0.3,0.07889559952541925,0.7493922686200682,0.20413348429859904,0.3864902409151731,1.0200050263430136,0.10933153904379761,26,0.9284312381099586,-0.0056519664826881755,0.03107376771566145,5.497868363310289
13,SMA_N200_th2_bL1_sL0,composite,0.5,0.07506396384598668,0.7514491629085849,0.18291721111871984,0.41037124602379527,1.0249309693511777,0.10345918826408741,26,0.8807187301832644,-0.009483602162120741,0.05229004089554065,5.5137320188732435
13,SMA_N200_th2_bL1_sL0,composite,0.7,0.07118232091659604,0.7518781536708644,0.16372615476857452,0.4347645067290051,1.0278058539698114,0.09783025400807858,26,0.8330062222565703,-0.01336524509151138,0.07148109724568597,5.348281812735743
14,SMA_N200_th0_bL3_sL0,ebp,0.0,0.1782375249698851,0.6490988063340233,0.524230281727854,0.33999852962026017,0.8816797091953613,0.3461775057046284,90,1.0,0.0,0.0,0.0
14,SMA_N200_th0_bL3_sL0,ebp,0.3,0.17345650385167044,0.6483396231402851,0.5211303574863517,0.3328466694750425,0.8801987116328837,0.3335137838780467,90,0.9643017660077173,-0.004781021118214657,0.0030999242415022943,0.6483812066197017
14,SMA_N200_th0_bL3_sL0,ebp,0.5,0.16984362653865293,0.6461914272242307,0.5211303574863517,0.3259138986987552,0.8769588195846961,0.32588082864056667,90,0.9405029433461953,-0.008393898431232172,0.0030999242415022943,0.3693068562716984
14,SMA_N200_th0_bL3_sL0,ebp,0.7,0.16589875657661346,0.6425219927266448,0.5211303574863517,0.3183440653444533,0.8716405495960724,0.3189503190502132,90,0.9167041206846737,-0.012338768393271637,0.0030999242415022943,0.251234494618822
14,SMA_N200_th0_bL3_sL0,term_spread,0.0,0.1782375249698851,0.6490988063340233,0.524230281727854,0.33999852962026017,0.8816797091953613,0.3461775057046284,90,1.0,0.0,0.0,0.0
14,SMA_N200_th0_bL3_sL0,term_spread,0.3,0.16183008641146301,0.6345542834002424,0.5211303574863517,0.3105366710779295,0.8637765472577276,0.3158215076539948,90,0.9000731943376314,-0.016407438558422083,0.0030999242415022943,0.18893407587445
14,SMA_N200_th0_bL3_sL0,term_spread,0.5,0.14949451719787388,0.6178294101417536,0.5211303574863517,0.286865877318976,0.8422824685202082,0.29815276505257465,90,0.8334553238960525,-0.02874300777201122,0.0030999242415022943,0.10784968177620143
14,SMA_N200_th0_bL3_sL0,term_spread,0.7,0.1360960538438618,0.5936829558181297,0.5211303574863517,0.26115548996284704,0.8105553466945855,0.28299482377060803,90,0.7668374534544734,-0.04214147112602329,0.0030999242415022943,0.07355994365341514
14,SMA_N200_th0_bL3_sL0,cape,0.0,0.1782375249698851,0.6490988063340233,0.524230281727854,0.33999852962026017,0.8816797091953613,0.3461775057046284,90,1.0,0.0,0.0,0.0
14,SMA_N200_th0_bL3_sL0,cape,0.3,0.16048920759837926,0.6343981314790849,0.5211303574863517,0.30796365111503304,0.8619523094612805,0.31246935731521974,90,0.88308395549371,-0.01774831737150584,0.0030999242415022943,0.1746601763206629
14,SMA_N200_th0_bL3_sL0,cape,0.5,0.14692055860886288,0.6156598314256758,0.5211303574863517,0.28192669357726047,0.8368861484307542,0.2933129860616892,90,0.8051399258228499,-0.031316966361022214,0.0030999242415022943,0.09898545745990672
14,SMA_N200_th0_bL3_sL0,cape,0.7,0.13203299750824216,0.5872229192772777,0.5211303574863517,0.25335886810566405,0.7988458423417268,0.27746204266462277,90,0.72719589615199,-0.04620452746164294,0.0030999242415022943,0.06709135255361547
14,SMA_N200_th0_bL3_sL0,vix,0.0,0.1782375249698851,0.6490988063340233,0.524230281727854,0.33999852962026017,0.8816797091953613,0.3461775057046284,90,1.0,0.0,0.0,0.0
14,SMA_N200_th0_bL3_sL0,vix,0.3,0.16990291695600046,0.6454496659245768,0.5211303574863517,0.32602767141703154,0.8790933565291348,0.3266085255366928,90,0.9711344002251833,-0.008334608013884637,0.0030999242415022943,0.37193401733328374
14,SMA_N200_th0_bL3_sL0,vix,0.5,0.1635223809154065,0.6396921253975706,0.5211303574863517,0.31378402460403415,0.8725913984945092,0.3150682351753559,90,0.9518906670419719,-0.014715144054478602,0.0030999242415022943,0.2106621742896783
14,SMA_N200_th0_bL3_sL0,vix,0.7,0.15650839880728817,0.6306580235949882,0.5211303574863517,0.3003248545377384,0.8612982681484157,0.3048942011667469,90,0.9326469338587609,-0.021729126162596923,0.0030999242415022943,0.14266216774231347
14,SMA_N200_th0_bL3_sL0,composite,0.0,0.1782375249698851,0.6490988063340233,0.524230281727854,0.33999852962026017,0.8816797091953613,0.3461775057046284,90,1.0,0.0,0.0,0.0
14,SMA_N200_th0_bL3_sL0,composite,0.3,0.16680525576258076,0.6428109321909985,0.5211303574863517,0.32008355177610115,0.8741241142190439,0.3210412384222703,90,0.9295856442460065,-0.011432269207304335,0.0030999242415022943,0.2711556371959543
14,SMA_N200_th0_bL3_sL0,composite,0.5,0.15855404702004017,0.6365628275643741,0.5211303574863517,0.30425026050068993,0.8662990994891852,0.30499072624837553,90,0.882642740410011,-0.01968347794984493,0.0030999242415022943,0.15748864349080727
14,SMA_N200_th0_bL3_sL0,composite,0.7,0.14981639133286828,0.6281513570693639,0.5211303574863517,0.2874835234230083,0.8555125135722272,0.289616027051096,90,0.8356998365740154,-0.028421133637016815,0.0030999242415022943,0.10907109762380589
15,SMA_N100_th0_bL2_sL0,ebp,0.0,0.12624298011708657,0.6502933872723128,0.36684225988526037,0.3441342340344659,0.8825328611913096,0.22050500791763825,172,1.0,0.0,0.0,0.0
15,SMA_N100_th0_bL2_sL0,ebp,0.3,0.12376776172779924,0.6581949776235989,0.3604047250266519,0.3434132605188421,0.8932492603692548,0.21152145461720767,172,0.963385283987007,-0.002475218389287326,0.006437534858608485,2.6007946961245727
15,SMA_N100_th0_bL2_sL0,ebp,0.5,0.12192258609030504,0.6618736384105447,0.3561872177316037,0.34229916184745535,0.8982258573963494,0.20614503769826154,172,0.9389754733116783,-0.004320394026781527,0.010655042153656646,2.4662199992888403
15,SMA_N100_th0_bL2_sL0,ebp,0.7,0.11992342986894267,0.6639752423247092,0.35203077060198057,0.3406617826727786,0.9010518509279564,0.20130505578279564,172,0.9145656626363494,-0.006319550248143901,0.0148114892832798,2.3437568658671624
15,SMA_N100_th0_bL2_sL0,term_spread,0.0,0.12624298011708657,0.6502933872723128,0.36684225988526037,0.3441342340344659,0.8825328611913096,0.22050500791763825,172,1.0,0.0,0.0,0.0
15,SMA_N100_th0_bL2_sL0,term_spread,0.3,0.11406227353677223,0.6371901816442348,0.3399746960788834,0.3355022442914595,0.8660237468106777,0.20163744298506314,172,0.9010634576498923,-0.012180706580314338,0.02686756380637695,2.2057475589961713
15,SMA_N100_th0_bL2_sL0,term_spread,0.5,0.10545094290560852,0.6217735960505274,0.3225212688585648,0.3269581050540016,0.846142453204911,0.1906487612479347,172,0.8351057627498205,-0.020792037211478043,0.044320991026695566,2.1316329215796417
15,SMA_N100_th0_bL2_sL0,term_spread,0.7,0.09646047192339369,0.5993146387357914,0.30964128603799024,0.3115232892798373,0.8168031798072655,0.1812058738204097,172,0.7691480678497487,-0.02978250819369288,0.05720097384727013,1.9206231213052678
15,SMA_N100_th0_bL2_sL0,cape,0.0,0.12624298011708657,0.6502933872723128,0.36684225988526037,0.3441342340344659,0.8825328611913096,0.22050500791763825,172,1.0,0.0,0.0,0.0
15,SMA_N100_th0_bL2_sL0,cape,0.3,0.11626535108231884,0.6473989698412083,0.32971193927816866,0.3526270578398104,0.8799610546929106,0.2014734059339223,172,0.8882625489976735,-0.009977629034767732,0.037130320607091705,3.721357095729713
15,SMA_N100_th0_bL2_sL0,cape,0.5,0.10901647700567896,0.6385348737129466,0.3040126869056269,0.3585918670542864,0.8689443680767486,0.19074002861004952,172,0.8137709149961225,-0.01722650311140761,0.06282957297963349,3.647262161873523
15,SMA_N100_th0_bL2_sL0,cape,0.7,0.10130375279555714,0.6220733024686353,0.27753798153516596,0.3650086097593142,0.8476103345754722,0.18189921390289526,172,0.7392792809945715,-0.024939227321529422,0.08930427835009441,3.580875910818625
15,SMA_N100_th0_bL2_sL0,vix,0.0,0.12624298011708657,0.6502933872723128,0.36684225988526037,0.3441342340344659,0.8825328611913096,0.22050500791763825,172,1.0,0.0,0.0,0.0
15,SMA_N100_th0_bL2_sL0,vix,0.3,0.12077896725833104,0.6478524774745361,0.35780253779589155,0.3375576037060682,0.8810404619152334,0.2103973369925768,172,0.9751408509145085,-0.005464012858755529,0.009039722089368818,1.6544108374275832
15,SMA_N100_th0_bL2_sL0,vix,0.5,0.11692917897364441,0.6440265347876059,0.3517350627837938,0.3324353791976633,0.8769566724412051,0.20431160404235868,172,0.9585680848575141,-0.009313801143442157,0.015107197101466574,1.6220227239985194
15,SMA_N100_th0_bL2_sL0,vix,0.7,0.11291752067744931,0.6381027147790826,0.34563488638145384,0.3266959590208434,0.8698822457237131,0.19880459646034915,172,0.9419953188005198,-0.013325459439637255,0.021207373503806526,1.5914928562030752
15,SMA_N100_th0_bL2_sL0,composite,0.0,0.12624298011708657,0.6502933872723128,0.36684225988526037,0.3441342340344659,0.8825328611913096,0.22050500791763825,172,1.0,0.0,0.0,0.0
15,SMA_N100_th0_bL2_sL0,composite,0.3,0.11884358535063821,0.6497114371435001,0.34691768380598526,0.34256998388442444,0.8828133885125294,0.20559564259056767,172,0.9318983923181213,-0.007399394766448353,0.019924576079275114,2.692730514882198
15,SMA_N100_th0_bL2_sL0,composite,0.5,0.11371080881654927,0.6480238332854837,0.3334510337556865,0.34101201467518344,0.8812807836865324,0.19603358472123922,172,0.8864973205302022,-0.012532171300537298,0.03339122612957385,2.664440608798752
15,SMA_N100_th0_bL2_sL0,composite,0.7,0.10842163652179293,0.644930721715508,0.319839991563422,0.33898711662607606,0.877860894298233,0.18682786471861768,172,0.8410962487422831,-0.017821343595293637,0.04700226832183835,2.6374144054015645
16,EMA_N150_th2_bL1_sL0,ebp,0.0,0.08697217029010385,0.7638494317981894,0.30751835311726783,0.2828194460866478,1.0440338937676066,0.11837619766331459,39,1.0,0.0,0.0,0.0
16,EMA_N150_th2_bL1_sL0,ebp,0.3,0.08443923476755555,0.7684633929440692,0.30159349352162473,0.2799769775587056,1.0508797539723853,0.11395638092652777,39,0.9642146098837145,-0.0025329355225482963,0.005924859595643095,2.339127681261426
16,EMA_N150_th2_bL1_sL0,ebp,0.5,0.08270481291616916,0.7696377969218355,0.29762813455493836,0.2778796871466562,1.0527574211638893,0.11131355296952673,39,0.9403576831395242,-0.004267357373934688,0.009890218562329467,2.317644784741864
16,EMA_N150_th2_bL1_sL0,ebp,0.7,0.08093409782302374,0.7690022474206248,0.2936504502506454,0.27561373651544696,1.0520699530083186,0.1089345687825671,39,0.9165007563953339,-0.006038072467080102,0.013867902866622428,2.2967433634211885
16,EMA_N150_th2_bL1_sL0,term_spread,0.0,0.08697217029010385,0.7638494317981894,0.30751835311726783,0.2828194460866478,1.0440338937676066,0.11837619766331459,39,1.0,0.0,0.0,0.0
16,EMA_N150_th2_bL1_sL0,term_spread,0.3,0.0772459152359457,0.7402658321854895,0.28363304887084295,0.27234455062083024,1.0129745339569762,0.10847837467648927,39,0.902463666819639,-0.00972625505415814,0.023885304246424877,2.4557554900036784
16,EMA_N150_th2_bL1_sL0,term_spread,0.5,0.07065714837326853,0.7160336078817164,0.2674293356873957,0.26420866727897535,0.9807498211219718,0.1027284131377674,39,0.8374394446993981,-0.016315021916835315,0.04008901742987214,2.4571844055265823
16,EMA_N150_th2_bL1_sL0,term_spread,0.7,0.06398731059549467,0.6831463922078836,0.25267612377986315,0.2532384526020424,0.9367203372460584,0.09779918190308905,39,0.7724152225791576,-0.022984859694609172,0.05484222933740468,2.3860154060573744
16,EMA_N150_th2_bL1_sL0,cape,0.0,0.08697217029010385,0.7638494317981894,0.30751835311726783,0.2828194460866478,1.0440338937676066,0.11837619766331459,39,1.0,0.0,0.0,0.0
16,EMA_N150_th2_bL1_sL0,cape,0.3,0.07845909167754184,0.75760640333214,0.2739001794200634,0.28645140665356805,1.0373802716603255,0.10731642931270015,39,0.8853020065599426,-0.008513078612562008,0.033618173697204434,3.9490030842187953
16,EMA_N150_th2_bL1_sL0,cape,0.5,0.07262695651204587,0.7444438148018945,0.2507292983795112,0.28966282353694295,1.020822882508437,0.10104854255663867,39,0.8088366775999044,-0.014345213778057975,0.05678905473775664,3.9587457960800516
16,EMA_N150_th2_bL1_sL0,cape,0.7,0.06667248413533233,0.721243144427647,0.22693651883670132,0.29379354401443175,0.990551457872078,0.09587101313372072,39,0.7323713486398661,-0.020299686154771512,0.0805818342805665,3.9696098583093344
16,EMA_N150_th2_bL1_sL0,vix,0.0,0.08697217029010385,0.7638494317981894,0.30751835311726783,0.2828194460866478,1.0440338937676066,0.11837619766331459,39,1.0,0.0,0.0,0.0
16,EMA_N150_th2_bL1_sL0,vix,0.3,0.08104337336036482,0.7518551352573704,0.29768829905303096,0.27224238782031385,1.029029365373056,0.11200487458611189,39,0.9712288784556838,-0.005928796929739022,0.00983005406423687,1.6580183434735345
16,EMA_N150_th2_bL1_sL0,vix,0.5,0.07702804799635743,0.7398259397720068,0.29107140950015625,0.26463625585430806,1.0134906836290811,0.10822997009452018,39,0.9520481307594731,-0.009944122293746416,0.016446943617111576,1.6539361777011337
16,EMA_N150_th2_bL1_sL0,vix,0.7,0.07296353306215453,0.7239722548343954,0.28440337649904945,0.25654946140345275,0.9926570040019476,0.10488142057224537,39,0.9328673830632626,-0.014008637227949317,0.023114976618218375,1.6500517674981658
16,EMA_N150_th2_bL1_sL0,composite,0.0,0.08697217029010385,0.7638494317981894,0.30751835311726783,0.2828194460866478,1.0440338937676066,0.11837619766331459,39,1.0,0.0,0.0,0.0
16,EMA_N150_th2_bL1_sL0,composite,0.3,0.08032107607178962,0.7569347485914734,0.28924578417086977,0.27769143222616705,1.0358183742996838,0.11008921325426624,39,0.9307408465809033,-0.006651094218314224,0.01827256894639806,2.7473026763150257
16,EMA_N150_th2_bL1_sL0,composite,0.5,0.07584014196821443,0.7499711831179275,0.2768320759110104,0.2739572057126565,1.0272153201397671,0.10480783681972007,39,0.8845680776348388,-0.01113202832188942,0.03068627720625744,2.756575560081679
16,EMA_N150_th2_bL1_sL0,composite,0.7,0.0713225252236509,0.7405508041649602,0.26423008141866167,0.26992583448757035,1.015316671362021,0.09975732034412255,39,0.8383953086887741,-0.015649645066452944,0.04328827169860616,2.766086484057087
17,SMA_N150_th5_bL1_sL0,ebp,0.0,0.08332807790563135,0.732919146089195,0.23930973258682325,0.3482017927348581,0.993621744586712,0.11888509035919796,17,1.0,0.0,0.0,0.0
17,SMA_N150_th5_bL1_sL0,ebp,0.3,0.08220332460009594,0.7445722784164022,0.22607877049928043,0.36360479322563183,1.0118657862662999,0.11501471337770122,17,0.970053017929359,-0.0011247533055354086,0.013230962087542819,11.76343472157619
17,SMA_N150_th5_bL1_sL0,ebp,0.5,0.08141879071459135,0.7513940480105543,0.2172189822446793,0.3748235530487837,1.0225275713239679,0.11264285754809647,17,0.9500883632155984,-0.0019092871910399989,0.022090750342143944,11.570155839211909
17,SMA_N150_th5_bL1_sL0,ebp,0.7,0.08060673606368218,0.7572775560466147,0.20832794896835663,0.38692233309475776,1.0316734065641122,0.11045035940413886,17,0.9301237085018378,-0.0027213418419491653,0.030981783618466624,11.384745253567951
17,SMA_N150_th5_bL1_sL0,term_spread,0.0,0.08332807790563135,0.732919146089195,0.23930973258682325,0.3482017927348581,0.993621744586712,0.11888509035919796,17,1.0,0.0,0.0,0.0
17,SMA_N150_th5_bL1_sL0,term_spread,0.3,0.07390230923790941,0.7149381809510048,0.20377177438077732,0.3626719621129281,0.9695555693313517,0.10789385811541402,17,0.9007977852291351,-0.009425768667721934,0.03553795820604594,3.7702981537987315
17,SMA_N150_th5_bL1_sL0,term_spread,0.5,0.06749318733351561,0.6945520074751119,0.17948537522016145,0.3760372523428536,0.9424799649724092,0.10146630403055161,17,0.8346629753818917,-0.015834890572115734,0.05982435736666181,3.7780088908229534
17,SMA_N150_th5_bL1_sL0,term_spread,0.7,0.06098674142412275,0.6651702248943481,0.15472266644539015,0.39416811269632696,0.9035411139492872,0.09593004807801549,17,0.7685281655346484,-0.0223413364815086,0.0845870661414331,3.7861238163367634
17,SMA_N150_th5_bL1_sL0,cape,0.0,0.08332807790563135,0.732919146089195,0.23930973258682325,0.3482017927348581,0.993621744586712,0.11888509035919796,17,1.0,0.0,0.0,0.0
17,SMA_N150_th5_bL1_sL0,cape,0.3,0.07446441705674411,0.727230135559567,0.21795653677996332,0.34164800999714545,0.9871222701285413,0.10659906416527667,17,0.8789646767224545,-0.008863660848887234,0.02135319580685993,2.4090718463738
17,SMA_N150_th5_bL1_sL0,cape,0.5,0.06838309253665109,0.7143682973468798,0.2035109564770225,0.33601676155638294,0.9709700725189071,0.09954899659458166,17,0.7982744612040907,-0.014944985368980257,0.035798776109800756,2.39537043536386
17,SMA_N150_th5_bL1_sL0,cape,0.7,0.062167510790155145,0.690903017063129,0.18889704384525513,0.32910790727399053,0.9408229970354797,0.09365604277043396,17,0.7175842456857271,-0.021160567115476203,0.050412688741568124,2.3823883578572804
17,SMA_N150_th5_bL1_sL0,vix,0.0,0.08332807790563135,0.732919146089195,0.23930973258682325,0.3482017927348581,0.993621744586712,0.11888509035919796,17,1.0,0.0,0.0,0.0
17,SMA_N150_th5_bL1_sL0,vix,0.3,0.08032182979970148,0.7549208354822076,0.18787265056110225,0.4275333826387797,1.0297244998242299,0.11043877913525861,17,0.9686692946104516,-0.003006248105929865,0.051437082025721004,17.11005885517588
17,SMA_N150_th5_bL1_sL0,vix,0.5,0.07819030188179998,0.7660545949716114,0.16297274667231415,0.47977532120149863,1.0489856876119426,0.10556095298643499,17,0.947782157684086,-0.005137776023831364,0.0763369859145091,14.857982434505342
17,SMA_N150_th5_bL1_sL0,vix,0.7,0.0759584964399469,0.772851690423448,0.15859776351277996,0.4789380049096726,1.0619169004843978,0.10138862569133303,17,0.9268950207577202,-0.007369581465684449,0.0807119690740433,10.952042453139118
17,SMA_N150_th5_bL1_sL0,composite,0.0,0.08332807790563135,0.732919146089195,0.23930973258682325,0.3482017927348581,0.993621744586712,0.11888509035919796,17,1.0,0.0,0.0,0.0
17,SMA_N150_th5_bL1_sL0,composite,0.3,0.07774864223039235,0.7380227017728036,0.20896744641848952,0.37206102463772617,1.0031023135625052,0.10961756345620913,17,0.9295563519574824,-0.005579435675238997,0.030342286168333732,5.438235680893302
17,SMA_N150_th5_bL1_sL0,composite,0.5,0.07396119804982026,0.7399529258368045,0.188282909050164,0.3928194992468215,1.007648816138943,0.10371602744888418,17,0.8825939199291374,-0.009366879855811083,0.051026823536659244,5.447579591298259
17,SMA_N150_th5_bL1_sL0,composite,0.7,0.07012045246344822,0.7400859128550359,0.1672308832241109,0.4193032477707948,1.0099143373932986,0.09808280948114693,17,0.8356314879007924,-0.013207625442183124,0.07207884936271236,5.457366252415336
18,EMA_N150_th2_bL2_sL0,ebp,0.0,0.1433984185340631,0.6880036791568894,0.5264297297053394,0.2723980247360423,0.9364061391204025,0.23533923494058656,39,1.0,0.0,0.0,0.0
18,EMA_N150_th2_bL2_sL0,ebp,0.3,0.14040624423029957,0.6941398822343855,0.5174252263032905,0.27135562220926585,0.9452672050919936,0.22649592168660077,39,0.9642146098837145,-0.0029921743037635284,0.009004503402048947,3.0093512235310516
18,EMA_N150_th2_bL2_sL0,ebp,0.5,0.138205832743155,0.6965771531798964,0.5113648085410691,0.27026856450575504,0.9488447918140749,0.22121059667358967,39,0.9403576831395242,-0.005192585790908089,0.015064921164270273,2.901236834766998
18,EMA_N150_th2_bL2_sL0,ebp,0.7,0.13584335304308293,0.6974206590500315,0.5052585599455671,0.2688590828777205,0.950168993418394,0.2164556512675594,39,0.9165007563953339,-0.007555065490980173,0.02117116975977229,2.8022483438493135
18,EMA_N150_th2_bL2_sL0,term_spread,0.0,0.1433984185340631,0.6880036791568894,0.5264297297053394,0.2723980247360423,0.9364061391204025,0.23533923494058656,39,1.0,0.0,0.0,0.0
18,EMA_N150_th2_bL2_sL0,term_spread,0.3,0.12889800148842023,0.6708092244596274,0.48969024115028237,0.2632235455328634,0.9142772498472532,0.2156249996867701,39,0.902463666819639,-0.014500417045642866,0.03673948855505704,2.533684958123094
18,EMA_N150_th2_bL2_sL0,term_spread,0.5,0.11869253192871909,0.6520420079913641,0.4670097188036893,0.2541543080361724,0.889663335763988,0.20417277322468466,39,0.8374394446993981,-0.024705886605344007,0.05942001090165011,2.4050952653849413
18,EMA_N150_th2_bL2_sL0,term_spread,0.7,0.10807411426998281,0.6257333932306687,0.4485419628999043,0.24094538127773882,0.8547731905898818,0.1943562746736078,39,0.7724152225791576,-0.035324304264080286,0.07788776680543513,2.204934206860961
18,EMA_N150_th2_bL2_sL0,cape,0.0,0.1433984185340631,0.6880036791568894,0.5264297297053394,0.2723980247360423,0.9364061391204025,0.23533923494058656,39,1.0,0.0,0.0,0.0
18,EMA_N150_th2_bL2_sL0,cape,0.3,0.13053513616382673,0.6825613048226222,0.4776071974169549,0.27331065542939986,0.93039957159587,0.2133195154568835,39,0.8853020065599426,-0.012863282370236373,0.04882253228838451,3.795495650577665
18,EMA_N150_th2_bL2_sL0,cape,0.5,0.12123074858264071,0.6708362311438069,0.44272742334444576,0.27382705969926363,0.9155179551958337,0.20083874241783087,39,0.8088366775999044,-0.022167669951422386,0.08370230636089365,3.775872996319259
18,EMA_N150_th2_bL2_sL0,cape,0.7,0.111364180082409,0.6500677205082067,0.4058847590541197,0.27437388962801623,0.8883409164778466,0.19052809321353656,39,0.7323713486398661,-0.032034238451654096,0.12054497065121972,3.763004100539039
18,EMA_N150_th2_bL2_sL0,vix,0.0,0.1433984185340631,0.6880036791568894,0.5264297297053394,0.2723980247360423,0.9364061391204025,0.23533923494058656,39,1.0,0.0,0.0,0.0
18,EMA_N150_th2_bL2_sL0,vix,0.3,0.1335845505544413,0.6752249710206669,0.5121538093622674,0.2608289699549056,0.9200381683411962,0.22263518306233043,39,0.9712288784556838,-0.009813867979621804,0.014275920343072013,1.4546680648970949
18,EMA_N150_th2_bL2_sL0,vix,0.5,0.1267468334778854,0.6629476728062043,0.5024384386815561,0.252263409245679,0.9039801343673098,0.21510780499870905,39,0.9520481307594731,-0.016651585056177698,0.02399129102378328,1.4407812194961325
18,EMA_N150_th2_bL2_sL0,vix,0.7,0.11968109168825558,0.6471299076587601,0.4925623127785851,0.2429765505467208,0.883040896069162,0.20843048795137883,39,0.9328673830632626,-0.023717326845807518,0.033867416926754323,1.4279609648648504
18,EMA_N150_th2_bL2_sL0,composite,0.0,0.1433984185340631,0.6880036791568894,0.5264297297053394,0.2723980247360423,0.9364061391204025,0.23533923494058656,39,1.0,0.0,0.0,0.0
18,EMA_N150_th2_bL2_sL0,composite,0.3,0.13350335819890513,0.6828198245472982,0.49934484841942434,0.2673570351661445,0.9303985588915386,0.21882165827811054,39,0.9307408465809033,-0.009895060335157968,0.027084881285915074,2.737212343180996
18,EMA_N150_th2_bL2_sL0,composite,0.5,0.12666109240514123,0.6773276057967254,0.48054295581521317,0.26357912622039803,0.9236966130736453,0.20829423800367972,39,0.8845680776348388,-0.01673732612892187,0.04588677389012624,2.741583305282827
18,EMA_N150_th2_bL2_sL0,composite,0.7,0.11962799076372765,0.669693662359568,0.4611259413694413,0.2594258531811487,0.914129792485535,0.19822661644465128,39,0.8383953086887741,-0.023770427770335445,0.06530378833589812,2.7472702202437715
19,SMA_N150_th5_bL2_sL0,ebp,0.0,0.13412362644562936,0.6515194136671159,0.432639623274856,0.31001235030296936,0.8796582069464779,0.23659270831017196,17,1.0,0.0,0.0,0.0
19,SMA_N150_th5_bL2_sL0,ebp,0.3,0.13383404401293975,0.6643283182066053,0.4113905176424904,0.32532116875198663,0.8991671012414184,0.2288828988625683,17,0.970053017929359,-0.0002895824326896168,0.021249105632365595,21.249105632365595
19,SMA_N150_th5_bL2_sL0,ebp,0.5,0.13348891870881197,0.6721064259661408,0.3970865673154005,0.3361708244408669,0.9109646332729125,0.22415967356959707,17,0.9500883632155984,-0.000634707736817397,0.035553055959455515,35.55305595945551
19,SMA_N150_th5_bL2_sL0,ebp,0.7,0.13302386924386855,0.6791095475825695,0.38267272071288977,0.34761785213237917,0.9215070288649763,0.21979505863363896,17,0.9301237085018378,-0.0010997572017608093,0.04996690256196623,45.43448543184329
19,SMA_N150_th5_bL2_sL0,term_spread,0.0,0.13412362644562936,0.6515194136671159,0.432639623274856,0.31001235030296936,0.8796582069464779,0.23659270831017196,17,1.0,0.0,0.0,0.0
19,SMA_N150_th5_bL2_sL0,term_spread,0.3,0.12054459903633785,0.6381857047059124,0.3740555429015762,0.32226390257784865,0.8624050861531875,0.2148192647984849,17,0.9007977852291351,-0.01357902740929151,0.05858408037327978,4.314306069755287
19,SMA_N150_th5_bL2_sL0,term_spread,0.5,0.11087118812410113,0.6221410962398697,0.33276043372810615,0.3331862111187546,0.8415408253492684,0.20208890262807114,17,0.8346629753818917,-0.023252438321528235,0.09987918954674985,4.29542864131702
19,SMA_N150_th5_bL2_sL0,term_spread,0.7,0.1007207278775395,0.598358312305258,0.28964742333685,0.34773562532405045,0.8104738234539783,0.1911246766297299,17,0.7685281655346484,-0.03340289856808987,0.142992199938006,4.2808320854708075
19,SMA_N150_th5_bL2_sL0,cape,0.0,0.13412362644562936,0.6515194136671159,0.432639623274856,0.31001235030296936,0.8796582069464779,0.23659270831017196,17,1.0,0.0,0.0,0.0
19,SMA_N150_th5_bL2_sL0,cape,0.3,0.12093735666535688,0.6451008437798694,0.39774549834463174,0.30405713494856235,0.8719639968020916,0.21219705352843332,17,0.8789646767224545,-0.013186269780272486,0.03489412493022426,2.6462468546205637
19,SMA_N150_th5_bL2_sL0,cape,0.5,0.11134678441172552,0.6326010491203415,0.3737058055133259,0.29795304961553515,0.8561436406594878,0.19820443797066775,17,0.7982744612040907,-0.022776842033903844,0.058933817761530116,2.5874446366974753
19,SMA_N150_th5_bL2_sL0,cape,0.7,0.1011403669343196,0.6105710530882933,0.34903891247338925,0.2897681700232508,0.8277869689214209,0.18651420165810154,17,0.7175842456857271,-0.03298325951130976,0.08360071080146675,2.5346406643891752
19,SMA_N150_th5_bL2_sL0,vix,0.0,0.13412362644562936,0.6515194136671159,0.432639623274856,0.31001235030296936,0.8796582069464779,0.23659270831017196,17,1.0,0.0,0.0,0.0
19,SMA_N150_th5_bL2_sL0,vix,0.3,0.131087784662008,0.6710316484101181,0.34703261549496295,0.3777390908201557,0.9115430976911629,0.21985819561739772,17,0.9686692946104516,-0.0030358417836213736,0.08560700777989305,28.198771175016496
19,SMA_N150_th5_bL2_sL0,vix,0.5,0.1285039807271655,0.6809080268253854,0.30880433263263657,0.4161339953738211,0.928517933488189,0.21019459065449655,17,0.947782157684086,-0.00561964571846385,0.12383529064221943,22.03613836995942
19,SMA_N150_th5_bL2_sL0,vix,0.7,0.12548486919867052,0.6869492665305988,0.3009406922023635,0.41697541226591556,0.9398766317857831,0.20192839163043205,17,0.9268950207577202,-0.00863875724695884,0.13169893107249248,15.245124652490421
19,SMA_N150_th5_bL2_sL0,composite,0.0,0.13412362644562936,0.6515194136671159,0.432639623274856,0.31001235030296936,0.8796582069464779,0.23659270831017196,17,1.0,0.0,0.0,0.0
19,SMA_N150_th5_bL2_sL0,composite,0.3,0.12675788483020956,0.6569861005305908,0.38272729645554604,0.3311963531321643,0.8894215719209183,0.21820696532973122,17,0.9295563519574824,-0.007365741615419807,0.04991232681930996,6.776279894860964
19,SMA_N150_th5_bL2_sL0,composite,0.5,0.12151981445124038,0.6594069157373132,0.3477611494956508,0.3494347043293292,0.8944831694544073,0.20650133797574907,17,0.8825939199291374,-0.01260381199438898,0.08487847377920521,6.734349402941886
19,SMA_N150_th5_bL2_sL0,composite,0.7,0.11602606309652264,0.6603077641464754,0.3114138613934087,0.37257835144963913,0.8976351367660331,0.19532994231343007,17,0.8356314879007924,-0.018097563349106727,0.12122576188144729,6.698457662115649
20,SMA_N200_th2_bL3_sL0,ebp,0.0,0.18186008330908754,0.652352461750908,0.5743371867786841,0.3166434065136823,0.8822719209020294,0.35352320358417216,26,1.0,0.0,0.0,0.0
20,SMA_N200_th2_bL3_sL0,ebp,0.3,0.18060713831609343,0.6607002926072011,0.5635868001204145,0.3204601993472973,0.8939736883432894,0.34033204758191266,26,0.9641405117077609,-0.0012529449929941094,0.01075038665826955,8.580094671658177
20,SMA_N200_th2_bL3_sL0,ebp,0.5,0.17928630678415702,0.6648711974191611,0.5569317831165238,0.3219178941106436,0.8997880548168575,0.33241724381616045,26,0.9402341861796014,-0.0025737765249305156,0.017405403662160257,6.762593214121475
20,SMA_N200_th2_bL3_sL0,ebp,0.7,0.17758410111389478,0.6676735676540524,0.5506852332420054,0.3224784148803447,0.9036483482328239,0.3252664610038942,26,0.916327860651442,-0.004275982195192762,0.023651953536678705,5.531349864662491
20,SMA_N200_th2_bL3_sL0,term_spread,0.0,0.18186008330908754,0.652352461750908,0.5743371867786841,0.3166434065136823,0.8822719209020294,0.35352320358417216,26,1.0,0.0,0.0,0.0
20,SMA_N200_th2_bL3_sL0,term_spread,0.3,0.1661787407066877,0.6411157231114035,0.4936247827724581,0.3366499140771254,0.8691950386079781,0.32152301065447514,26,0.9001098941364671,-0.01568134260239984,0.08071240400622598,5.147034029718471
20,SMA_N200_th2_bL3_sL0,term_spread,0.5,0.15420456840158958,0.6268884324219984,0.45658623593626607,0.33773372095937354,0.8516738040599934,0.3027778647816219,26,0.833516490227445,-0.027655514907497958,0.11775095084241799,4.257774669402137
20,SMA_N200_th2_bL3_sL0,term_spread,0.7,0.14107330147328367,0.6053450587451195,0.44730125705388357,0.31538767049851923,0.824410750745719,0.2865843572540118,26,0.7669230863184232,-0.040786781835803865,0.1270359297248005,3.1146347911490415
20,SMA_N200_th2_bL3_sL0,cape,0.0,0.18186008330908754,0.652352461750908,0.5743371867786841,0.3166434065136823,0.8822719209020294,0.35352320358417216,26,1.0,0.0,0.0,0.0
20,SMA_N200_th2_bL3_sL0,cape,0.3,0.16950404925981122,0.6543789069083236,0.5246394036377064,0.3230867679486451,0.8870908125796306,0.31737420135002825,26,0.8807171790597118,-0.012356034049276321,0.049697783140977614,4.022146826625843
20,SMA_N200_th2_bL3_sL0,cape,0.5,0.15928981957347754,0.6486779817412596,0.48909569925817287,0.3256823149642851,0.8813086886912983,0.29658858311790376,26,0.8011952984328531,-0.022570263735609997,0.0852414875205112,3.776716502697411
20,SMA_N200_th2_bL3_sL0,cape,0.7,0.14755657663378696,0.6344035015707479,0.45153294965793317,0.3267902746534247,0.8643101489500716,0.27915669382344965,26,0.7216734178059943,-0.03430350667530058,0.12280423712075089,3.5799324623908833
20,SMA_N200_th2_bL3_sL0,vix,0.0,0.18186008330908754,0.652352461750908,0.5743371867786841,0.3166434065136823,0.8822719209020294,0.35352320358417216,26,1.0,0.0,0.0,0.0
20,SMA_N200_th2_bL3_sL0,vix,0.3,0.17977384032030952,0.6683048476093892,0.4800099825965005,0.37452104505799116,0.9099389813277048,0.32961077351728585,26,0.9690089284664926,-0.00208624298877802,0.09432720418218354,45.21391069476238
20,SMA_N200_th2_bL3_sL0,vix,0.5,0.17711818920845146,0.6759199235441471,0.47135110719245105,0.3757669951460084,0.9240377362870648,0.3156976155717639,26,0.9483482141108208,-0.004741894100636079,0.10298607958623301,21.718342375553775
20,SMA_N200_th2_bL3_sL0,vix,0.7,0.17349686142347398,0.6799855565886301,0.4626716410711384,0.374989184601435,0.9326799030041185,0.30367135977229426,26,0.9276874997551491,-0.008363221885613559,0.11166554570754567,13.351976933630459
20,SMA_N200_th2_bL3_sL0,composite,0.0,0.18186008330908754,0.652352461750908,0.5743371867786841,0.3166434065136823,0.8822719209020294,0.35352320358417216,26,1.0,0.0,0.0,0.0
20,SMA_N200_th2_bL3_sL0,composite,0.3,0.17444809854781673,0.6584058478452498,0.5117601159533296,0.3408786521451501,0.8931431943570859,0.32607328893487136,26,0.9284312381099586,-0.007411984761270807,0.06257707082535446,8.442687463732108
20,SMA_N200_th2_bL3_sL0,composite,0.5,0.16871067728802158,0.6614179836255374,0.46641401133740756,0.3617187159627907,0.899235084635436,0.3085287227198921,26,0.8807187301832644,-0.013149406021065957,0.1079231754412765,8.207456311591457
20,SMA_N200_th2_bL3_sL0,composite,0.7,0.16235517928395593,0.6631250013531645,0.4310590778335822,0.3766425245001706,0.9037241033678395,0.2917162385497666,26,0.8330062222565703,-0.01950490402513161,0.14327810894510185,7.345747959615252
