rank,cfg_id,final_ratio_vs_spy,strat_mdd,mdd_date,ratio_at_mdd,bench_dd_at_mdd,days_below_spy_total,pct_below_spy_total,days_below_spy_excl_warmup,pct_below_spy_excl_warmup,longest_underperf_bars,longest_underperf_years,longest_underperf_start,longest_underperf_end,worst_ratio,worst_ratio_date,post_mdd_ever_below_spy,post_mdd_pct_below_spy
1,EMA_N150_th5_bL3_sL0,236.13403883648223,-0.5398373914171775,2020-06-11,67.66230172984135,-0.10579152076736675,271,0.02669950738916256,135,0.013505402160864346,243,0.9642857142857143,1986-01-31,1987-01-16,0.7297995554774267,1986-09-29,False,0.0
2,EMA_N150_th5_bL2_sL0,15.037943305554057,-0.3904781772706746,2020-06-11,8.313705705572836,-0.10579152076736675,503,0.04955665024630542,367,0.03671468587434974,284,1.126984126984127,1986-01-31,1987-03-17,0.7844075625227255,1986-09-29,False,0.0
3,EMA_N100_th5_bL3_sL0,175.91706656421238,-0.6275702829883345,2023-03-13,100.77383309806983,-0.1792768210309008,263,0.025911330049261085,181,0.018009950248756217,243,0.9642857142857143,1986-01-31,1987-01-16,0.742851960165448,1986-09-29,False,0.0
4,SMA_N200_th2_bL3_sL0,91.76697698512933,-0.5756035213286743,2020-06-11,31.797938334659538,-0.10579152076736675,240,0.023645320197044337,58,0.005829145728643216,238,0.9444444444444444,1986-01-31,1987-01-09,0.8124559484258502,1986-09-04,False,0.0
5,EMA_N100_th5_bL2_sL0,11.95067564335652,-0.4762523148182948,2023-03-13,9.931760133458148,-0.1792768210309008,444,0.04374384236453202,362,0.036019900497512435,274,1.0873015873015872,1986-01-31,1987-03-03,0.7973749648433014,1986-09-29,False,0.0
6,SMA_N150_th5_bL3_sL0,125.37697154598187,-0.6203411224075823,2003-04-25,9.354549914773258,-0.38636650002338946,243,0.023940886699507388,108,0.010803240972291687,241,0.9563492063492064,1986-01-31,1987-01-14,0.7509198265618287,1986-09-29,False,0.0
7,SMA_N150_th5_bL2_sL0,9.739573755943802,-0.44923352057004506,2003-04-25,3.0341013368697096,-0.38636650002338946,315,0.03103448275862069,180,0.018005401620486146,274,1.0873015873015872,1986-01-31,1987-03-03,0.7995314503672103,1986-09-29,False,0.0
8,SMA_N200_th2_bL2_sL0,7.625864782677365,-0.42396636550785316,2020-06-11,4.816752344661825,-0.10579152076736675,336,0.03310344827586207,154,0.015477386934673367,255,1.0119047619047619,1986-01-31,1987-02-03,0.8124559484258502,1986-09-04,False,0.0
9,EMA_N150_th5_bL3_sL-1,84.38973563369532,-0.6226314857160353,2020-06-11,29.337287629897343,-0.10579152076736675,417,0.04108374384236453,285,0.0285,250,0.9920634920634921,1986-01-31,1987-01-27,0.7027585537292698,1986-09-29,False,0.0
10,EMA_N200_th2_bL3_sL0,30.119624143736704,-0.6329379881188307,2023-03-30,17.855089748428433,-0.13685454759106452,495,0.04876847290640394,313,0.0314572864321608,255,1.0119047619047619,1988-04-14,1989-04-17,0.752360416639656,1988-11-16,False,0.0
11,EMA_N100_th5_bL3_sL-1,53.99731940171098,-0.6861763413639861,2023-03-13,38.917566023258836,-0.1792768210309008,352,0.03467980295566502,270,0.026865671641791045,243,0.9642857142857143,1986-01-31,1987-01-16,0.742851960165448,1986-09-29,False,0.0
12,SMA_N200_th0_bL3_sL0,39.047149951888095,-0.7028933266986126,2003-04-16,5.211222623373816,-0.39984549783987455,240,0.023645320197044337,58,0.005829145728643216,238,0.9444444444444444,1986-01-31,1987-01-09,0.8124559484258502,1986-09-04,False,0.0
13,SMA_N100_th5_bL3_sL0,45.927486372342536,-0.7362974648123558,2003-04-25,3.029855314708412,-0.38636650002338946,248,0.024433497536945813,166,0.016517412935323383,243,0.9642857142857143,1986-01-31,1987-01-16,0.742851960165448,1986-09-29,False,0.0
14,SMA_N150_th5_bL3_sL-1,35.649631258081754,-0.6726198209544081,2020-06-11,20.872748261711255,-0.10579152076736675,264,0.026009852216748768,132,0.0132,243,0.9642857142857143,1986-01-31,1987-01-16,0.730176693434389,1986-09-29,False,0.0
15,EMA_N200_th0_bL3_sL0,23.128023617412538,-0.6616901961453183,2003-04-25,6.62169541385054,-0.38636650002338946,310,0.030541871921182268,128,0.012864321608040201,238,0.9444444444444444,1986-01-31,1987-01-09,0.8124559484258502,1986-09-04,False,0.0
16,SMA_N200_th5_bL2_sL0,6.8063694435060675,-0.633011821543756,1988-08-22,0.5281028891050524,-0.20966749550953134,2289,0.22551724137931034,2096,0.21088640708320758,1952,7.746031746031746,1987-10-16,1995-07-06,0.5281028891050524,1988-08-22,True,0.1836971422545608
17,SMA_N100_th5_bL2_sL0,4.8552031843288965,-0.5623616119448593,2003-04-25,1.4443550252524602,-0.38636650002338946,368,0.03625615763546798,286,0.02845771144278607,274,1.0873015873015872,1986-01-31,1987-03-03,0.7973749648433014,1986-09-29,False,0.0
18,EMA_N150_th5_bL2_sL-1,5.374269911628459,-0.5013878784016819,2020-06-11,3.6046893073272654,-0.10579152076736675,1004,0.09891625615763547,872,0.0872,348,1.380952380952381,1986-01-31,1987-06-17,0.7553431898326537,1986-09-29,False,0.0
19,EMA_N200_th5_bL2_sL0,6.456426302901819,-0.6364952410973888,1988-08-22,0.5322666476301283,-0.20966749550953134,2231,0.21980295566502464,2040,0.20521074338597728,1921,7.623015873015873,1987-10-16,1995-05-22,0.5322666476301283,1988-08-22,True,0.18021723083412422
20,SMA_N200_th0_bL2_sL0,3.873697801575032,-0.5417797151725168,2003-04-16,1.9589796830647668,-0.39984549783987455,266,0.02620689655172414,84,0.008442211055276382,255,1.0119047619047619,1986-01-31,1987-02-03,0.8124559484258502,1986-09-04,False,0.0
