base_rank,base_cfg_id,variant_idx,variant_id,stop_tag,stop_loss_pct,reentry_mode,reentry_param,cagr,sharpe,max_drawdown,calmar,sortino,volatility,n_switches,n_stops,avg_bars_stopped,longest_stop_bars,delta_cagr,delta_mdd,effectiveness,base_filter,base_lookback,base_threshold_pct,base_buy_leverage,base_sell_leverage
1,EMA_N150_th5_bL3_sL0,17,01_EMA_N150_th5_bL3_sL0_sl25_cool63,sl25_cool63,0.25,time_cooldown,63.0,0.2081822232146464,0.742874001426896,0.42402732071933924,0.49096417386850594,1.0316014854263218,0.32768845563985727,50,24,63.0,63,-0.06852752029509146,0.11581007069783811,1.6899790069615788,EMA,150,0.05,3.0,0.0
2,EMA_N150_th5_bL2_sL0,1,02_EMA_N150_th5_bL2_sL0_sl15_next,sl15_next,0.15,next_signal,63.0,0.07303546504962766,0.5483945787185941,0.2871298163547685,0.2543639179547531,0.7697208049013473,0.14887014028284595,26,13,551.1666666666666,1212,-0.11929377652707185,0.1033483609159061,0.8663348912627711,EMA,150,0.05,2.0,0.0
3,EMA_N100_th5_bL3_sL0,4,03_EMA_N100_th5_bL3_sL0_sl15_cool126,sl15_cool126,0.15,time_cooldown,126.0,0.0539372410386445,0.34439417114480014,0.5068325136176168,0.10642024651034486,0.4661288494597018,0.23128742654649956,81,41,126.0,126,-0.2134742423732343,0.12073776937071767,0.5655847189265206,EMA,100,0.05,3.0,0.0
4,SMA_N200_th2_bL3_sL0,17,04_SMA_N200_th2_bL3_sL0_sl25_cool63,sl25_cool63,0.25,time_cooldown,63.0,0.20415365691469578,0.7389142564735354,0.4965428252653908,0.4111501496483819,1.0277947248878545,0.32265918016180695,64,25,63.0,63,-0.04294305877814719,0.07906069606328353,1.8410587953626592,SMA,200,0.02,3.0,0.0
5,EMA_N100_th5_bL2_sL0,16,05_EMA_N100_th5_bL2_sL0_sl25_cool21,sl25_cool21,0.25,time_cooldown,21.0,0.18436042175455647,0.8315890445707229,0.3791229044855552,0.48628141315999207,1.1678109433490371,0.2376836014502375,42,6,21.0,21,-0.0011851631972235044,0.09712941033273959,81.95446041548183,EMA,100,0.05,2.0,0.0
6,SMA_N150_th5_bL3_sL0,8,06_SMA_N150_th5_bL3_sL0_sl20_next,sl20_next,0.2,next_signal,126.0,0.07085462021510369,0.4308161831130949,0.5124642339640517,0.13826256647614943,0.6034889260412859,0.21106470952923775,31,15,467.0,1193,-0.1859430973263101,0.1078768884435305,0.5801607588272997,SMA,150,0.05,3.0,0.0
7,SMA_N150_th5_bL2_sL0,1,07_SMA_N150_th5_bL2_sL0_sl15_next,sl15_next,0.15,next_signal,63.0,0.0665675266635326,0.49508900373003467,0.3741104662758417,0.17793548340465454,0.6959205334350731,0.1543531225677047,31,15,437.2,1193,-0.11297077255480925,0.07512305429420335,0.6649777866904152,SMA,150,0.05,2.0,0.0
8,SMA_N200_th2_bL2_sL0,3,08_SMA_N200_th2_bL2_sL0_sl15_cool63,sl15_cool63,0.15,time_cooldown,63.0,0.14754648171216123,0.763412654402676,0.3309710467597415,0.4457987584009672,1.0674002071560142,0.2091183977612431,69,29,63.0,63,-0.024848186718613663,0.09299531874811168,3.7425394376342687,SMA,200,0.02,2.0,0.0
9,EMA_N150_th5_bL3_sL-1,22,09_EMA_N150_th5_bL3_sL-1_sl30_next,sl30_next,0.3,next_signal,63.0,0.2442295460561148,0.7754521258905961,0.5191528657104703,0.4704385975446407,1.0894452400458554,0.37175306598127794,25,12,211.91666666666666,891,-0.0002747547116557225,0.10347862000556507,103.47862000556506,EMA,150,0.05,3.0,-1.0
10,EMA_N200_th2_bL3_sL0,10,10_EMA_N200_th2_bL3_sL0_sl20_cool63,sl20_cool63,0.2,time_cooldown,63.0,0.1460931909174299,0.5964397832115045,0.5603351880159173,0.26072464132536305,0.8235677129811471,0.3101699369392288,93,38,63.0,63,-0.06697845040351869,0.07260280010291331,1.083972526469486,EMA,200,0.02,3.0,0.0
11,EMA_N100_th5_bL3_sL-1,37,11_EMA_N100_th5_bL3_sL-1_sl40_cool21,sl40_cool21,0.4,time_cooldown,21.0,0.23270843298612554,0.7380479529734905,0.5764362224610259,0.40370196028383604,1.0444893641424475,0.3842617333592331,34,7,21.0,21,0.0019256120748945005,0.1097401189029601,56.989733463824734,EMA,100,0.05,3.0,-1.0
12,SMA_N200_th0_bL3_sL0,1,12_SMA_N200_th0_bL3_sL0_sl15_next,sl15_next,0.15,next_signal,0.15,0.08659664658080612,0.4662760602577981,0.6366562520690657,0.13601790023953453,0.6576134324142785,0.24052095792802866,226,42,108.52380952380952,579,-0.1343193467676751,0.06623707462954687,0.493131304041506,SMA,200,0.0,3.0,0.0
13,SMA_N100_th5_bL3_sL0,1,13_SMA_N100_th5_bL3_sL0_sl15_next,sl15_next,0.15,next_signal,63.0,0.004970261127874576,0.11089488336022192,0.5767808458066294,0.008617243731323382,0.15180548696031262,0.15708132231369593,43,22,412.8095238095238,1276,-0.22087566004416592,0.15951661900572645,0.7222009839102678,SMA,100,0.05,3.0,0.0
14,SMA_N150_th5_bL3_sL-1,10,14_SMA_N150_th5_bL3_sL-1_sl20_cool63,sl20_cool63,0.2,time_cooldown,63.0,0.06542121017120617,0.3578351780147935,0.6550532250359852,0.0998715946595214,0.49740386994013785,0.3375984312224248,80,41,63.0,63,-0.15273825734561775,0.01756659591842291,0.11501110608243377,SMA,150,0.05,3.0,-1.0
15,EMA_N200_th0_bL3_sL0,28,15_EMA_N200_th0_bL3_sL0_sl30_rec15,sl30_rec15,0.3,recovery_trigger,0.15,0.216414781185299,0.7498591136536326,0.5787997203086904,0.37390270518769225,1.0437483085841928,0.3385689375459427,186,15,101.33333333333333,262,0.011272921535694147,0.0828904758366279,7.353060657272089,EMA,200,0.0,3.0,0.0
16,SMA_N200_th5_bL2_sL0,1,16_SMA_N200_th5_bL2_sL0_sl15_next,sl15_next,0.15,next_signal,63.0,0.0832089744526463,0.596833016866586,0.2871298163547682,0.28979565936069845,0.8452808418531107,0.15385217232727433,26,13,533.0,1221,-0.08588086784091375,0.3458820051889878,4.027462855052906,SMA,200,0.05,2.0,0.0
17,SMA_N100_th5_bL2_sL0,8,17_SMA_N100_th5_bL2_sL0_sl20_next,sl20_next,0.2,next_signal,0.15,0.10332808062279075,0.5943719014324425,0.4595567370283575,0.22484292427294952,0.8305699706248307,0.19892549597767709,43,12,283.4166666666667,874,-0.055996702628619444,0.10280487491650186,1.8359094391382818,SMA,100,0.05,2.0,0.0
18,EMA_N150_th5_bL2_sL-1,8,18_EMA_N150_th5_bL2_sL-1_sl20_next,sl20_next,0.2,next_signal,21.0,0.1605370247133231,0.6874580642785211,0.44787134793377276,0.3584445074549888,0.9680019536281843,0.2697565269284864,25,12,213.08333333333334,903,-0.0017153013276578477,0.05351653046790922,31.199492243723252,EMA,150,0.05,2.0,-1.0
19,EMA_N200_th5_bL2_sL0,1,19_EMA_N200_th5_bL2_sL0_sl15_next,sl15_next,0.15,next_signal,63.0,0.089497614916342,0.6377296214822512,0.2871298163547683,0.3116973919760449,0.9077353822166225,0.15280839398259854,26,13,531.8333333333334,1249,-0.07806102065831277,0.34936542474262033,4.475542617766377,EMA,200,0.05,2.0,0.0
20,SMA_N200_th0_bL2_sL0,25,20_SMA_N200_th0_bL2_sL0_sl30_cool126,sl30_cool126,0.3,time_cooldown,126.0,0.13805493943888747,0.6800825184974866,0.4650663253912292,0.2968500016051497,0.9463963887639518,0.22895345598931113,214,7,126.0,126,-0.014786950986887648,0.07671338978128756,5.187911277268267,SMA,200,0.0,2.0,0.0
